"Número Contrato";"Código Órgão Superior";"Nome Órgão Superior";"Código Órgão";"Nome Órgão";"Código UG";"Nome UG";"Número Termo Aditivo";"Data Publicação";"Objeto"
"362022";"20000";"Presidência da República";"20101";"Presidência da República";"110001";"SECRETARIA ESPECIAL DE ADMINISTRACAO/PR";"000012022";"18/10/2022";"Objetivo: PRORROGAÇÃO DO PRAZO DE VIGÊNCIA CONTRATUAL"
"2512021";"63000";"Advocacia-Geral da União";"63000";"Advocacia-Geral da União - Unidades com víncu";"110097";"SUPERINTENDENCIA ADMINISTRACAO NO RIO G. SUL";"000012022";"08/06/2022";"Objetivo: ADITAMENTO NO VAIOR DE R$ 1.271,96  REFERENTE À INCLUSAO DE COBERTURA ADICIONAL PARA ANÚNCIOS LUMINOSOS, PAINÉIS E LETREIROS PARA O PRÉDIO SEDE DA AGU DA 4º REGIÃO, ITEM 1 DA APÓLICE 01.18.0023309.000000, PELO MESMO PRAZO DE VIGÊNCIA ORIGINÁRIO ISTO É, ATÉ ÀS 24 HORAS DO DIA 18/10/2022."
"32022";"63000";"Advocacia-Geral da União";"63000";"Advocacia-Geral da União - Unidades com víncu";"110102";"SUPERINTENDENCIA ADMINISTRACAO RIO DE JANEIRO";"000012022";"19/09/2022";"Objetivo: PRORROGAR O PRAZO DA VIGÊNCIA DO CONTRATO Nº 003/2022, POR 12 (DOZE) MESES, NOS TERMOS DO ART. 57, INCISO II, DA LEI N.º 8.666, DE 1993"
"22022";"63000";"Advocacia-Geral da União";"63000";"Advocacia-Geral da União - Unidades com víncu";"110592";"UNIDADE DE ATENDIMENTO EM MINAS GERAIS";"000012022";"03/11/2022";"Objetivo: REDUÇÃO DAS ÁREAS RELATIVAS ÀS PROCURADORIAS SECCIONAIS FEDERAIS EM DIVINÓPOLIS-MG E UBERABA-MG, CORRESPONDENDO A UMA SUPRESSÃO DE 7,74% (SETE INTEIROS E  SETENTA E QUATRO CENTÉSIMOS POR CENTO) DO VALOR DO CONTRATO."
"72022";"52000";"Ministério da Defesa";"52000";"Ministério da Defesa - Unidades com vínculo d";"110794";"SECRETARIA EXECUTIVA/OPERACAO ACOLHIDA";"000012022";"29/08/2022";"Objetivo: ACRESCENTAR 25 POR CENTO DO VALOR DO CONTRATO N 07/2022."
"132022";"53000";"Ministério do Desenvolvimento Regional";"22204";"Departamento Nacional de Obras Contra as Seca";"113801";"DNOCS - CEST/PE - RECIFE-PE";"000082022";"23/11/2022";"Objetivo: O PRESENTE TERMO ADITIVO TEM COMO OBJETO O  ACRÉSCIMO DE 04 (QUATRO) POSTOS NOTURNOS E 03 (TRÊS) POSTOS DIURNOS, PARA ADEQUAÇÃO DOS SERVIÇOS CONTRATADOS, OBJETIVANDO MELHOR ATENDER ÀS NECESSIDADES, DOS SERVIÇOS NA SEDE DA COORDENADORIA ESTADUAL DNOCS EM PERNAMBUCO."
"122022";"25000";"Ministério da Economia";"25205";"Fundação Instituto Brasileiro de Geografia e ";"114624";"UNIDADE ESTADUAL DO IBGE EM SANTA CATARINA";"000012022";"11/07/2022";"Objetivo: ACRÉSCIMO DE CLÁUSULA CONTRATUAL AO REFERIDO CONTRATO PARA ADEQUAÇÃO À INICIATIVA ANTECIPAGOV, RETRATADA NA IN SEGES/ME 53, DE 2020."
"132022";"25000";"Ministério da Economia";"25205";"Fundação Instituto Brasileiro de Geografia e ";"114624";"UNIDADE ESTADUAL DO IBGE EM SANTA CATARINA";"000012022";"11/07/2022";"Objetivo: ACRESCIMO DE CLÁUSULA CONTRATUAL AO REFERIDO CONTRATO PARA ADEQUAÇÃO À INICIATIVA ANTECIPAGOV, RETRATADA NA IN SEGES 53, DE 2020."
"142022";"25000";"Ministério da Economia";"25205";"Fundação Instituto Brasileiro de Geografia e ";"114624";"UNIDADE ESTADUAL DO IBGE EM SANTA CATARINA";"000012022";"12/07/2022";"Objetivo: ACRÉSCIMO DE CLÁUSULA REFERENTE AO ANTECIPAGOV AO REFERIDO CONTRATO."
"152022";"25000";"Ministério da Economia";"25205";"Fundação Instituto Brasileiro de Geografia e ";"114624";"UNIDADE ESTADUAL DO IBGE EM SANTA CATARINA";"000012022";"13/07/2022";"Objetivo: ACRÉSCIMO DE CLÁUSULA REFERENTE AO ANTECIPAGOV AO REFERIDO CONTRATO."
"52022";"25000";"Ministério da Economia";"25205";"Fundação Instituto Brasileiro de Geografia e ";"114631";"UNIDADE ESTADUAL DO IBGE NO RIO DE JANEIRO";"000012022";"25/11/2022";"Objetivo: SUPRESSÃO DO ITEM 19 DO CONTRATO Nº 005/2022 PELA NÃO INSTALAÇÃO DO LINK DE INTERNET PARA O SSI/SES/RJ"
"32022";"52000";"Ministério da Defesa";"52111";"Comando da Aeronáutica";"120016";"GRUPAMENTO DE APOIO DE S J CAMPOS";"000012022";"27/07/2022";"Objetivo: - PRORROGAR O PRAZO DA VIGÊNCIA DO CONTRATO Nº 003/GAP-SJ-ITA/2022POR 60 (SESSENTA) DIAS, CONTEMPLANDO-SE, NESTA OCASIÃO, O PERÍODO DE 01/04/2022 A 28/11/2022, NOS TERMOS DO ART. 57, INCISO II, DA LEI N.º 8.666, DE 1993.-  PRORROGAR O PRAZO DE EXECUÇÃO DO OBJETO CONTRATUAL, COM FUNDAMENTO NO ARTIGO 57, §1º, DA LEI N.º 8.666, DE 21 DE JUNHO DE 1993, POR MAIS 60 (SESSENTA) DIAS, COM INÍCIO EM 01/04/2022, ENCERRANDO-SE EM 25/08/2022 E SEGUINDO O CRONOGRAMA ANEXO A ESTE ADITIVO.- A PRORROGAÇÃ"
"32022";"52000";"Ministério da Defesa";"52111";"Comando da Aeronáutica";"120016";"GRUPAMENTO DE APOIO DE S J CAMPOS";"000022022";"08/09/2022";"Objetivo: - PRORROGAR O PRAZO DE EXECUÇÃO DO OBJETO CONTRATUAL, COM FUNDAMENTONO ARTIGO 57, §1º, DA LEI N.º 8.666, DE 21 DE JUNHO DE 1993, POR MAIS 60 (SESSENTA)DIAS, COM INÍCIO EM 01/04/2022, ENCERRANDO-SE EM 24/10/2022 E SEGUINDO OCRONOGRAMA ANEXO A ESTE ADITIVO.- A PRORROGAÇÃO DO PRAZO DE EXECUÇÃO NÃO ENSEJARÁ EM REAJUSTE DO VALOR TOTALCONTRATADO."
"82022";"52000";"Ministério da Defesa";"52111";"Comando da Aeronáutica";"120016";"GRUPAMENTO DE APOIO DE S J CAMPOS";"000012022";"30/09/2022";"Objetivo: ACRESCENTAR 3,02% DO VALOR INICIAL ATUALIZADO DO CONTRATO, PARTIR DE 1° DE OUTUBRO DE 2022, EQUIVALENTE A R$ 792,00 (SETECENTOS E NOVENTA E DOIS REAIS), NOS MOLDES DO ART. 65, INCISO I, ALÍNEA 'B',  DA LEI N° 8666/1993:"
"202022";"52000";"Ministério da Defesa";"52111";"Comando da Aeronáutica";"120060";"ACADEMIA DA FORCA AEREA";"000012022";"03/11/2022";"Objetivo: SUPRIMIR 16,10% DO VALOR INICIAL ATUALIZADO DO CONTRATO, A PARTIR DA DATA DE ASSINATURA DESTE INSTRUMENTO, EQUIVALENTE A R$ 249.455,54 (DUZENTOS E QUARENTA E NOVE MIL, QUATROCENTOS E CINQUENTA E CINCO REAIS E VINTE E CINQUENTA E QUATRO CENTAVOS), NOS MOLDES DO ART. 65, INCISO I, ALÍNEA 'B', §§ 1º E 2º, DA LEI N.º 8.666/1993; ACRESCENTAR 24,24 % DO VALOR INICIAL ATUALIZADO DO CONTRATO, A PARTIR DA DATA DE ASSINATURA DESTE INSTRUMENTO, EQUIVALENTE A R$ 375.493,03 (TREZENTOS E SETENTA E CINCO MIL, QUATR"
"200012021";"52000";"Ministério da Defesa";"52111";"Comando da Aeronáutica";"120630";"GRUPAMENTO DE APOIO DE MANAUS";"200022022";"10/08/2022";"Objetivo: ARANTIR AOS USUÁRIOS DO FUNDO DE SAÚDE DA AERONÁUTICA E SEUS DEPENDENTES, NAS CONDIÇÕES ESPECIFICADAS NESTE INSTRUMENTO E NO EDITAL, POR INTERMÉDIO DE HOSPITAIS GERAL, ASSISTÊNCIA MÉDICO-HOSPITALAR, AMBULATORIAL, ATENDIMENTO DE EMERGÊNCIA/URGÊNCIA EM REGIME DE 24 (VINTE E QUATRO) HORAS DIÁRIAS"
"232022";"26000";"Ministério da Educação";"26236";"Universidade Federal Fluminense";"150182";"PRO-REITORIA DE ADMINISTRACAO/UFF";"000012022";"10/11/2022";"Objetivo: CONSTITUI OBJETO DO PRESENTE TERMO ADITIVO:- O ACRÉSCIMO NO VALOR DE R$ 10.422,03 (DEZ MIL, QUATROCENTOS E VINTE E DOIS REAIS E TRÊS CENTAVOS) AO VALOR INICIAL DO CONTRATO, REPRESENTANDO 3,58 % DO VALOR INICIAL CONTRATADO;- A PRORROGAÇÃO DO PRAZO DE VIGÊNCIA CONTRATUAL POR MAIS 01(UM) MÊS, INICIANDO EM 05 DE JANEIRO DE 2023 E TERMINANDO EM 05 DE FEVEREIRO DE 2023, E A PRORROGAÇÃO DO PRAZO DE EXECUÇÃO DOS SERVIÇOS EM MAIS 01(UM) MÊS, INICIANDO EM 16 DE OUTUBRO DE 2022 E TERMINANDO EM 16 DE NOVEMBRO"
"382022";"26000";"Ministério da Educação";"26263";"Universidade Federal de Lavras";"153032";"UNIVERSIDADE FEDERAL DE LAVRAS";"000012022";"18/10/2022";"Objetivo: ALTERAR O QUANTITATIVO DO MUSD PARA 107 KW A PARTIR DE 1º DE JANEIRO DE 2023."
"202022";"26000";"Ministério da Educação";"26254";"Universidade Federal do Triângulo Mineiro";"153035";"UNIVERSIDADE FEDERAL DO TRIANGULO MINEIRO";"000012022";"18/11/2022";"Objetivo: A ALTERAÇÃO DAS DATAS DA CLÁUSULA TERCEIRA DO CCER CT - 5020244203/2022 DE 28/06/2022. O ITEM 3.1 PASSA A TER A SEGUINTE REDAÇÃO: 3.1 A CEMIG D ASSEGURA AO CONSUMIDOR, POR POSTO TARIFÁRIO, O FORNECIMENTO DA ENERGIA ELÉTRICA EQUIVALENTE AO TOTAL MEDIDO, COM INÍCIO DO SUPRIMENTO EM 01 DE JUNHO DE 2023.  A ALTERAÇÃO DO CUSD CT - 5020244203/2022 DE 28/06/2022. O ITEM 3.1 PASSA A TER A SEGUINTE REDAÇÃO: 3.1 A CEMIG D ASSEGURA AO ACESSANTE O ATENDIMENTO DOS MUSD CONTRATADOS, INDICADOS A SEGUIR: ETAPA ÚNICA I"
"252022";"26000";"Ministério da Educação";"26234";"Universidade Federal do Espírito Santo";"153046";"UNIVERSIDADE FEDERAL DO ESPIRITO SANTO";"000012022";"03/11/2022";"Objetivo: PELO PRESENTE TERMO ADITIVO, FICA PRORROGADO O PRAZO DE EXECUÇÃO DO CONTRATO POR MAIS 60 DIAS, OU SEJA, PELO PERÍODO DE 11/10/2022 A 09/12/2022."
"652022";"26000";"Ministério da Educação";"26239";"Universidade Federal do Pará";"153063";"UNIVERSIDADE FEDERAL DO PARA";"000012022";"05/09/2022";"Objetivo: ALTERAÇÃO DA CLÁUSULA DÉCIMA - DA COORDENAÇÃO, PASSANDO A RESPONSABILIDADE PELA EXECUÇÃO DO PROJETO PARA O SERVIDOR ROBERTO THIESEN"
"32022";"26000";"Ministério da Educação";"26245";"Universidade Federal do Rio de Janeiro";"153132";"DECANATO DO CENTRO DE C JUR E ECONOM. DA UFRJ";"000012022";"05/08/2022";"Objetivo: IDENTIFICADA NECESSIDADE DE AMPLIAÇÃO DA MANUTENÇÃO EM EQUIPAMENTOS DE AR CONDICIONADO NO PAVILHÃO DE SALAS DE AULAS DO CAMPUS DA PRAIA VERMELHA CONFORME LAUDO APRESENTADO PELA EMPRESA"
"1042022";"26000";"Ministério da Educação";"26246";"Universidade Federal de Santa Catarina";"153163";"UNIVERSIDADE FEDERAL DE SANTA CATARINA";"000012022";"30/11/2022";"Objetivo: PRORROGAÇÃO DE PRAZO DO TERMO DE CONTRATO N. 104/2022, FIRMADO EM 14 DE JULHO DE 2022, ENTRE A UFSC E A FUNDAÇÃO DE ESTUDOS E PESQUISASSOCIOECONÔMICOS"
"352019";"26000";"Ministério da Educação";"26246";"Universidade Federal de Santa Catarina";"153163";"UNIVERSIDADE FEDERAL DE SANTA CATARINA";"000012022";"05/07/2022";"Objetivo: ACRÉSCIMO DE ÁREA OCUPADA PELA ASHU, QUE REALIZA A GESTÃO ADMINISTRATIVA E PEDAGÓGICA DO CENTRO DE EDUCAÇÃO INFANTIL DOS ASSOCIADOS DO HOSPITAL UNIVERSITÁRIO (CEI/ASHU), ALÉM DE PROPORCIONAR ATIVIDADES CULTURAIS, ESPORTIVAS, DE LAZER E SERVIÇOS DE PLANOS DE SAÚDE AOS SERVIDORES ASSOCIADOS. O ACRÉSCIMO DE ÁREA DE 9.844,60M² (NOVE MIL OITOCENTOS E QUARENTA E QUATRO METROS E SESSENTA CENTÍMETROS), CORRESPONDE AO ESPAÇO OCUPADO NA ÁREA DENOMINADA 'ÁREA FUNDOS' NA PLANTA BAIXA. SOMADA À ÁREA INFORMADA NO IN"
"162022";"26000";"Ministério da Educação";"26258";"Universidade Tecnológica Federal do Paraná";"153176";"UTFPR - CAMPUS CORNELIO PROCOPIO";"000012022";"20/10/2022";"Objetivo: CONTRATAÇÃO DE SERVIÇO COMUM DE ENGENHARIA, PARA INSTALAÇÃO E MONTAGEM DE SISTEMAS - PROTEÇÃO CONTRA INCÊNDIO NO CAMPUS LONDRINA DA UTFPR,  O PRESENTE TERMO TRATA-SE DE ACRÉSCIMO DE 14,43% NO VALOR INICIAL DO CONTRATO."
"162022";"26000";"Ministério da Educação";"26258";"Universidade Tecnológica Federal do Paraná";"153176";"UTFPR - CAMPUS CORNELIO PROCOPIO";"000022022";"07/11/2022";"Objetivo: CONTRATAÇÃO DE SERVIÇO COMUM DE ENGENHARIA, PARA INSTALAÇÃO E MONTAGEM DE SISTEMAS DE  PROTEÇÃO CONTRA INCÊNDIO NO CAMPUS LONDRINA DA UTFPR, PRORROGAÇÃO POR MAIS 30 DIAS DA EXECUÇÃO E VIGÊNCIA DO CONTRATO."
"182022";"26000";"Ministério da Educação";"26291";"Fundação Coordenação de Aperfeiçoamento de Pe";"154004";"FUND.COORD.DE APERF.DE PESSOAL NIVEL SUPERIOR";"000012022";"06/10/2022";"Objetivo: ALTERAÇÃO DA CLÁUSULA QUINTA - PAGAMENTO DO CONTRATO Nº 18/2022."
"11032022";"26000";"Ministério da Educação";"26271";"Fundação Universidade de Brasília";"154040";"FUNDACAO UNIVERSIDADE DE BRASILIA - FUB";"000012022";"27/10/2022";"Objetivo: ACRÉSCIMO DO VALOR GLOBAL DO CONTRATO Nº 1103/2022 INFRA/UNB EM R$ 129.887,89 (CENTO E VINTE E NOVE MIL, OITOCENTOS E OITENTA E SETE REAIS E OITENTA E NOVE CENTAVOS)"
"12072022";"26000";"Ministério da Educação";"26271";"Fundação Universidade de Brasília";"154040";"FUNDACAO UNIVERSIDADE DE BRASILIA - FUB";"000012022";"03/10/2022";"Objetivo: CONSTITUI OBJETO DO PRESENTE INSTRUMENTO A PRORROGAÇÃO DO CONTRATO PELO PERÍODO DE 12 (DOZE) MESES, OU SEJA, DE 08 DE OUTUBRO DE 2022 A 08 DE OUTUBRO DE 2023, BEM COMO INCLUIR A POSSIBILIDADE DE CESSÃO FIDUCIÁRIA DOS DIREITOS DE CRÉDITOS DECORRENTES DESTA CONTRATAÇÃO DE QUE TRATA A INSTRUÇÃO NORMATIVA N. 53, DE 8 DE JULHO DE 2020."
"402022";"26000";"Ministério da Educação";"26276";"Fundação Universidade Federal do Mato Grosso";"154045";"FUNDACAO UNIVERSIDADE FEDERAL DE MATO GROSSO";"000012022";"25/07/2022";"Objetivo: PARÁGRAFO PRIMEIRO - A PRORROGAÇÃO DE QUE TRATA ESTE ADITIVO SERÁ PELO PERÍODO DE 12 (DOZE) MESES, A CONTAR DE 02/07/2022 A 02/07/2023.PARÁGRAFO PRIMEIRO - CONSIDERANDO A VIGÊNCIA E A EXECUÇÃO INTEGRAL DO CONTRATO, O VALOR ESTIMADO MENSAL DO PRESENTE TERMO ADITIVO É DE R$ 104.809,91 (CENTO E QUATRO MIL OITOCENTOS E NOVE REAIS E NOVENTA E UM CENTAVOS) E O GLOBAL É  R$ 1.257.718,91 (UM MILHÃO, DUZENTOS E CINQUENTA E SETE MIL SETECENTOS E DEZOITO REAIS E NOVENTA E UM CENTAVOS).PARÁGRAFO SEGUNDO - OS V"
"402022";"26000";"Ministério da Educação";"26276";"Fundação Universidade Federal do Mato Grosso";"154045";"FUNDACAO UNIVERSIDADE FEDERAL DE MATO GROSSO";"000022022";"03/10/2022";"Objetivo: O PRESENTE TERMO ADITIVO TEM POR OBJETO A ALTERAÇÃO DO CNPJ E LOCALIZAÇÃO DA CONTRATADA, DE SUA MATRIZ PARA SUA FILIAL, CONSTANTE NO PREÂMBULO DO CONTRATO ORIGINAL (040/FUFMT/2022) EM VIGÊNCIA EM SEU 1º TERMO ADITIVO DE PRORROGAÇÃO, CONTANDO SEUS EFEITOS A PARTIR DE SUA ASSINATURA, PASSANDO PARA A SEGUINTE REDAÇÃO:'PELO PRESENTE INSTRUMENTO REGIDO PELA LEI 8.666 DE 21 DE JUNHO DE 1993, A FUNDAÇÃO UNIVERSIDADE FEDERAL DE MATO GROSSO, INSTITUIÇÃO DE ENSINO SUPERIOR COM PERSONALIDADE JURÍDICA DE DIREITO"
"412022";"26000";"Ministério da Educação";"26276";"Fundação Universidade Federal do Mato Grosso";"154045";"FUNDACAO UNIVERSIDADE FEDERAL DE MATO GROSSO";"000012022";"29/07/2022";"Objetivo: O PRESENTE TERMO TEM POR OBJETO A PRORROGAÇÃO DO PRAZO DE VIGÊNCIA CONSTANTE NA CLÁUSULA SEGUNDA - DA VIGÊNCIA DO CONTRATO, EM CONFORMIDADE COM O QUE VERSA O INCISO II, ARTIGO 57 DA LEI 8.666/93.PARÁGRAFO PRIMEIRO - CONSIDERANDO A VIGÊNCIA E A EXECUÇÃO INTEGRAL DO CONTRATO, O VALOR ESTIMADO MENSAL DO PRESENTE TERMO ADITIVO É DE R$ 41.162,35 (QUARENTA E UM MIL CENTO E SESSENTA E DOIS REAIS E TRINTA E CINCO CENTAVOS)  E O GLOBAL É  R$ 246.740,69 (DUZENTOS E QUARENTA E SEIS MIL SETECENTOS E QUARENTA REA"
"412022";"26000";"Ministério da Educação";"26276";"Fundação Universidade Federal do Mato Grosso";"154045";"FUNDACAO UNIVERSIDADE FEDERAL DE MATO GROSSO";"000022022";"23/08/2022";"Objetivo: O PRESENTE TERMO ADITIVO TEM POR OBJETO A RERRATIFICAÇÃO DOS VALORES ESTABELECIDOS NO 1º TERMO ADITIVO AO CONTRATO 041/FUFMT/2022, CLÁUSULA SEGUNDA - DO VALOR DO CONTRATO, DE MODO A CORRIGIR OS PREÇOS DO QUADRO DE VALORES DO LOTE 02.  CONSIDERANDO A VIGÊNCIA E A EXECUÇÃO INTEGRAL DO CONTRATO, O VALOR ESTIMADO MENSAL DO PRESENTE TERMO ADITIVO É DE R$ 41.456,78 (QUARENTA E UM MIL, QUATROCENTOS E CINQUENTA E SEIS REAIS E SETENTA E OITO CENTAVOS)  E O GLOBAL É  R$ 248.740,69 (DUZENTOS E QUARENTA E OITO MIL"
"412022";"26000";"Ministério da Educação";"26276";"Fundação Universidade Federal do Mato Grosso";"154045";"FUNDACAO UNIVERSIDADE FEDERAL DE MATO GROSSO";"000032022";"04/10/2022";"Objetivo: O PRESENTE TERMO ADITIVO TEM POR OBJETO A ALTERAÇÃO DO CNPJ E LOCALIZAÇÃO DA CONTRATADA, DE SUA MATRIZ PARA SUA FILIAL, CONSTANTE NO PREÂMBULO DO CONTRATO ORIGINAL (041/FUFMT/2020) EM VIGÊNCIA EM SEU 2º TERMO ADITIVO DE RERRATIFICAÇÃO, CONTANDO SEUS EFEITOS A PARTIR DE SUA ASSINATURA, PASSANDO PARA A SEGUINTE REDAÇÃO:'PELO PRESENTE INSTRUMENTO REGIDO PELA LEI 8.666 DE 21 DE JUNHO DE 1993, A FUNDAÇÃO UNIVERSIDADE FEDERAL DE MATO GROSSO, INSTITUIÇÃO DE ENSINO SUPERIOR COM PERSONALIDADE JURÍDICA DE DIRE"
"152022";"26000";"Ministério da Educação";"26278";"Fundação Universidade Federal de Pelotas";"154047";"FUNDACAO UNIVERSIDADE FEDERAL DE PELOTAS";"000012022";"04/10/2022";"Objetivo: ACRÉSCIMO DE SERVIÇOS, QUE CORRESPONDE A 20,55% DO VALOR INICIAL ATUALIZADO DO CONTRATO."
"2262021";"26000";"Ministério da Educação";"26282";"Universidade Federal de Viçosa";"154051";"UNIVERSIDADE FEDERAL DE VICOSA";"000012022";"17/08/2022";"Objetivo: PRORROGAÇÃO DE  PRAZO DE EXECUÇÃO E ADOÇÃO DE NOVO CRONOGRAMA FÍSICO-FINANCEIRO."
"152022";"26000";"Ministério da Educação";"26352";"Fundação Universidade Federal do ABC";"154503";"FUNDACAO UNIVERSIDADE FEDERAL DO ABC";"000012022";"03/08/2022";"Objetivo: ESTE TERMO ADITIVO TEM POR OBJETO O ACRÉSCIMO NO VALOR DE R$ 474,00 (QUATROCENTOS E SETENTA E QUATRO REAIS), EQUIVALENTE A 25% (VINTE E CINCO POR CENTO) SOBRE O VALOR TOTAL INICIAL ATUALIZADO DO TERMO DE CONTRATO Nº 15/2022, CORRESPONDENTE AO AUMENTO DE 5.263 PALAVRAS A SEREM TRADUZIDAS."
"52022";"26000";"Ministério da Educação";"26404";"Instituto Federal Baiano";"154617";"INST. FED. BAIANO - CAMPUS URUCUCA";"000032022";"09/09/2022";"Objetivo: ADIÇÃO DE 02 POSTOS DE AUXILIAR DE SERVIÇOS GERAIS E 01 POSTO DE ATENDENTE I."
"162022";"26000";"Ministério da Educação";"26443";"Empresa Brasileira de Serviços Hospitalares";"155009";"HOSPITAL UNIVERSITARIO DE BRASILIA";"000012022";"07/10/2022";"Objetivo: A PRORROGAÇÃO DO PRAZO DE VIGÊNCIA DO CONTRATO POR MAIS 60 (SESSENTA) DIAS, COMPREENDENDO O PERÍODO DE 16/10/2022 A 14/12/2022;A ALTERAÇÃO DO CRONOGRAMA DE EXECUÇÃO, DE CONCLUSÃO E DE ENTREGA DO OBJETO;"
"172022";"26000";"Ministério da Educação";"26443";"Empresa Brasileira de Serviços Hospitalares";"155009";"HOSPITAL UNIVERSITARIO DE BRASILIA";"000012022";"07/10/2022";"Objetivo: A PRORROGAÇÃO DO PRAZO DE VIGÊNCIA DO CONTRATO POR MAIS 60 (SESSENTA) DIAS, COMPREENDENDO O PERÍODO DE 20/10/2022 A 18/12/2022;A ALTERAÇÃO DO CRONOGRAMA DE EXECUÇÃO, DE CONCLUSÃO E DE ENTREGA DO OBJETO;"
"112022";"26000";"Ministério da Educação";"26443";"Empresa Brasileira de Serviços Hospitalares";"155022";"EBSERH HC-UFPE";"000012022";"25/07/2022";"Objetivo: O PRESENTE TERMO ADITIVO TEM POR OBJETO PRORROGAÇÃO DE VIGÊNCIA DO CONTRATO Nº 11/2022, COMPREENDENDO O PERÍODO DE 24/07/2022 A 23/07/2023, COM VALORES JÁ REAJUSTADOS COM BASE NO IPCA ACUMULADO EM 12 MESES - JUNHO DE 2021 A MAIO DE 2022, NO PERCENTUAL DE 11,73%.O PRAZO REFERENCIADO NO ITEM 1.1 PODERÁ SER ANTECIPADO POR OCASIÃO DA FINALIZAÇÃO DO PROCESSO LICITATÓRIO Nº 23536.004149/2022-39, DITO SUBSTITUTO DA ATUAL CONTRATAÇÃO."
"122022";"26000";"Ministério da Educação";"26443";"Empresa Brasileira de Serviços Hospitalares";"155023";"HOSPITAL UNIVERSITARIO LAURO WANDERLEY";"000282022";"04/11/2022";"Objetivo: O PRESENTE TERMO ADITIVO TEM POR OBJETO:A ALTERAÇÃO DECORRENTE DA MUDANÇA DO CNPJ: 24.380.578/0020-41  DA FILIAL DETENTORA DO TERMO DE COMODATO Nº 12/2022, PARA CNPJ: 24.380.578/0018-27 DA FILIAL, NO MUNICÍPIO DE JOÃO PESSOA, ESTADO DA PARAÍBA, NA FORMA ABAIXO"
"22022";"26000";"Ministério da Educação";"26432";"Instituto Federal do Paraná";"156545";"INST. FED. DO PARANA/CAMPUS PITANGA";"000012022";"02/08/2022";"Objetivo: REPACTUAÇÃO DO CUSTO MENSAL DECORRENTE DE REMUNERAÇÃO E BENEFÍCIOS ELEVADOS, DE ACORDO COM A CONVENÇÃO COLETIVA DE TRABALHO 2022/2024, NÚMERO DE REGISTRO NO MTE PR000321/2022, DATA DE REGISTRO NO MTE 22/02/2022, NÚMERO DA SOLICITAÇÃO MR006676/2022, NÚMERO DO PROCESSO 13068.100999/2022-77, DATA DO PROTOCOLO 21/02/2022, PRODUZINDO EFEITOS A PARTIR DE 1º DE FEVEREIRO DE 2022, EM CONFORMIDADE COM A CLÁUSULA SEXTA DO CONTRATO; REAJUSTE DO VALOR DOS INSUMOS E MATERIAIS, CALCULADO COM BASE NO ÍNDICE IPCA ACUM"
"32022";"26000";"Ministério da Educação";"26432";"Instituto Federal do Paraná";"156547";"INST. FED. DO PARANA/CAMPUS COLOMBO";"000012022";"18/11/2022";"Objetivo: ALTERAR A REDAÇÃO DA CLÁUSULA SEGUNDA DO TERMO ORIGINAL, A QUAL PASSARÁ A TER A SEGUINTE REDAÇÃO: 2. CLÁUSULA SEGUNDA - VIGÊNCIA: 2.1. O PRAZO DE VIGÊNCIA DESTE TERMO DE CONTRATO TERÁ INÍCIO NA DATA DE 01/08/2022 E SEU ENCERRAMENTO EM 21/11/2022, PODENDO SER PRORROGADO, NOS TERMOS DO ARTIGO 57, II, §§ 1º E 2º E PODENDO SER RESCINDIDO A QUALQUER TEMPO DE ACORDO COM O ART. 24, IV, AMBOS DA LEI 8666/93. PRORROGAR, POR MAIS 30 (TRINTA) DIAS, DO PRAZO DE VIGÊNCIA DO CONTRATO ADMINISTRATIVO DE SERVIÇOS CONTI"
"1102022";"26000";"Ministério da Educação";"26407";"Instituto Federal Goiano";"158124";"IF GOIANO";"000012022";"22/08/2022";"Objetivo: O OBJETO DO PRESENTE INTRUMENTO É ARETIFICAÇÃO DE ERRO MATERIAL DO CONTRATO N° 110/2022 REFERENTE AOS VALORES DO OBJETO DOCONTRATO EM SUA CLÁUSULA PRIMEIRA E DO PREÇO DO CONTRATO EM SUA CLÁUSULA TERCEIRA"
"1162022";"26000";"Ministério da Educação";"26407";"Instituto Federal Goiano";"158124";"IF GOIANO";"000012022";"25/08/2022";"Objetivo: RETIFICAÇÃO DE ERRO MATERIAL DO CONTRATO N° 116/2022 REFERENTE AOS VALORES DO OBJETO DO CONTRATO EM SUA CLÁUSULA TERCEIRA E CLÁUSULA QUARTA"
"1062022";"26000";"Ministério da Educação";"26422";"Instituto Federal Catarinense";"158125";"INSTITUTO FEDERAL CATARINENSE - REITORIA";"000012022";"17/11/2022";"Objetivo: PROORGAÇÃO DOS PRAZOS DO CONTRATO Nº 106/2022 POR 30 (TRINTA) DIAS, NOS TERMOS DO ART. 57, § 1º, INCISO II DA LEI N.º 8.666, DE 1993, CONFORME SEGUE:A) VIGÊNCIA CONTRATUAL, A CONTAR DO DIA 02 DE MARÇO DE 2023 ATÉ DIA 1º DE ABRIL DE 2023; B) EXECUÇÃO DO OBJETO CONTRATUAL, A CONTAR DO DIA 02 DE DEZEMBRO DE 2022 ATÉ DIA 1º DE JANEIRO DE 2023."
"1122022";"26000";"Ministério da Educação";"26422";"Instituto Federal Catarinense";"158125";"INSTITUTO FEDERAL CATARINENSE - REITORIA";"000012022";"12/07/2022";"Objetivo: SUPRESSÃO DE 28,81% DO VALOR DO CONTRATO (ITENS 1 E 4) DO CONTRATO, A PARTIR DE 12/07/2022."
"872022";"26000";"Ministério da Educação";"26422";"Instituto Federal Catarinense";"158125";"INSTITUTO FEDERAL CATARINENSE - REITORIA";"000012022";"01/09/2022";"Objetivo: SUSPENSÃO TEMPORÁRIA DO CONTRATO DE RECEPCIONISTAS  POR 120 (CENTO E VINTE) DIAS, A CONTAR DE 01 DE SETEMBRO DE 2022 A 30 DE DEZEMBRO DE 2022 COM AMPARO NA LEI 8.666/93"
"212022";"26000";"Ministério da Educação";"26415";"Instituto Federal do Mato Grosso do Sul";"158132";"INST.FED.DE EDUC.,CIENC.E TEC.DO MAT.G.DO SUL";"000012022";"19/10/2022";"Objetivo: SUPRESSÃO DO POSTO DE RECEPCIONISTA, A CONTAR DE 22/09/2022. O VALOR TOTAL DA CONTRATAÇÃO PASSA A SER DE R$ 19.677,00 (DEZENOVE MIL, SEISCENTOS E SETENTA E SETE REAIS)"
"522020";"26000";"Ministério da Educação";"26414";"Instituto Federal do Mato Grosso";"158144";"INST.FED.DE EDUC.,CIENC.E TEC.DO MATO GROSSO";"000032022";"09/11/2022";"Objetivo: O OBJETO DO PRESENTE TERMO ADITIVO DE CONTRATO É A ALTERAÇÃO DO PRAZO DE VIGÊNCIA E EXECUÇÃO CONSTANTES NA CLÁUSULA SEGUNDA E ALTERAÇÃO DO VALOR DO CONTRATO 52/2020, CUJO OBJETO SÃO OBRAS DE EDIFICAÇÃO DE QUADRAS POLIESPORTIVAS, PROJETO PADRÃO FNDE, PARA ATENDER AO CAMPUS AVANÇADO LUCAS DO RIO VERDE."
"142022";"26000";"Ministério da Educação";"26427";"Instituto Federal da Bahia";"158145";"INST.FED.DE EDUC.,CIENC.E TEC.DA BAHIA";"000012022";"16/11/2022";"Objetivo: PRIMEIRO TERMO ADITIVO- PRORROGAÇÃO DA VIGÊNCIA  E EXECUÇÃO"
"751542021";"26000";"Ministério da Educação";"26439";"Instituto Federal de São Paulo";"158154";"INSTITUTO FEDERAL DE SAO PAULO";"000012022";"11/07/2022";"Objetivo: O TERMO DE ADITAMENTO TEM POR OBJETO O ADITAMENTO DE VALOR CONTRATUAL, EM 25% (VINTE E CINCO POR CENTO), PARA ACRESCER 75.000 CÓPIAS NO QUANTITATIVO DA FRANQUIA CONTRATADA E 75.000 CÓPIAS NO QUANTITATIVO EXCEDENTE CONTRATADO."
"751542021";"26000";"Ministério da Educação";"26439";"Instituto Federal de São Paulo";"158154";"INSTITUTO FEDERAL DE SAO PAULO";"000022022";"23/08/2022";"Objetivo: O PRESENTE TERMO DE ADITAMENTO TEM POR FINALIDADE PRORROGAR O VÍNCULO CONTRATUAL POR 12 (DOZE) MESES, NOS TERMOS DO ART. 57, II, DA LEI Nº 8.666/93."
"220212021";"26000";"Ministério da Educação";"26426";"Instituto Federal do Amapá";"158159";"INST.FED. DO AMAPA -CAMPUS MACAPA";"000032022";"18/05/2022";"Objetivo: PRORROGAÇÃO DA VIGÊNCIA CONTRATUAL"
"112019";"26000";"Ministério da Educação";"26420";"Instituto Federal Farroupilha";"158268";"INST.FED.FARROUPILHA/CAMPUS SAO VICENTE SUL";"000012020";"12/08/2020";"Objetivo: RENOVAÇÃO DE PRAZO CONTRATUAL"
"112019";"26000";"Ministério da Educação";"26420";"Instituto Federal Farroupilha";"158268";"INST.FED.FARROUPILHA/CAMPUS SAO VICENTE SUL";"000012021";"25/06/2021";"Objetivo: PRORROGAÇÃO DE PRAZO CONTRATUAL"
"112019";"26000";"Ministério da Educação";"26420";"Instituto Federal Farroupilha";"158268";"INST.FED.FARROUPILHA/CAMPUS SAO VICENTE SUL";"000012022";"18/07/2022";"Objetivo: A VIGÊNCIA DO OBJETO CONTRATUAL PREVISTA NA CLÁUSULA SEGUNDA DO CONTRATO Nº 11/2019, FICA PRORROGADO, NO PERÍODO DE 12/08/2022 ATÉ 12/08/2023. EM CUMPRIMENTO AO QUE DISPÕE A CLÁUSULA SEXTA DO CONTRATO Nº 11/2019, PROCESSO Nº 23238.001177/2018-82, CELEBRADO COM A EMPRESA PEDRO REGINALDO ALBERNAZ FARIA E FAGUNDES LTDA, CNPJ Nº 10.439.655/0001-14, QUE SE PROCEDA À REPACTUAÇÃO DO PREÇO ANUAL DO CONTRATO (12 MESES) QUE PASSARÁ DE R$ 38.114,04(TRINTA E OITO MIL CENTO E QUATORZE REAIS E QUATRO CENTAVOS) PARA"
"242022";"26000";"Ministério da Educação";"26420";"Instituto Federal Farroupilha";"158268";"INST.FED.FARROUPILHA/CAMPUS SAO VICENTE SUL";"000012022";"29/11/2022";"Objetivo: O OBJETO CONTRATUAL PREVISTO NA CLÁUSULA PRIMEIRA DO CONTRATO 24/2022 FICA ADITIVADO EM 15,68% NO QUANTITATIVO EM VIRTUDE DO ACRÉSCIMO DE 3.803,31 M² DE ÁREA PREDIAL PARA ELABORAR O PPCI, PASSANDO O VALOR DO CONTRATO DE R$ 79.100,77(SETENTA E NOVE MIL E CEM REAIS E SETENTA E SETE CENTAVOS) PARA O VALOR DE R$ 91.501,19 (NOVENTA E UM MIL QUINHENTOS E UM REAIS E DEZENOVE CENTAVOS), COM EFEITOS A PARTIR DA ASSINATURA DESTE TERMO ADITIVO."
"102022";"26000";"Ministério da Educação";"26412";"Instituto Federal do Sul de Minas Gerais";"158304";"IFSULDEMINAS - CAMPUS MACHADO";"000012022";"14/10/2022";"Objetivo: EM VIRTUDE DE ACRÉSCIMO CONTRATUAL, CONSISTENTE NO APROVEITAMENTO DE RECURSOS DO CONTRATO Nº 15/2020, O VALOR TOTAL DA CONTRATAÇÃO PASSARÁ DE R$ 20.000,00 (VINTE MIL REAIS) PARA R$ 30.929,22 (TRINTA MIL, NOVECENTOS E VINTE E NOVE REAIS E VINTE E DOIS CENTAVOS)"
"62022";"26000";"Ministério da Educação";"26436";"Instituto Federal Sul-rio-grandense";"158339";"INST.FED.SUL-RIO-GRANDENSE/CAMPUS SAPUCAIA";"000012022";"12/08/2022";"Objetivo: REPACTUAÇÃO DO CONTRATO EM FUNÇÃO DE SUPERVENIÊNCIA DE CONVENÇÃO COLETIVA DE TRABALHO DA CATEGORIA ENVOLVIDA NA CONTRATAÇÃO."
"112022";"26000";"Ministério da Educação";"26410";"Instituto Federal do Norte de Minas Gerais";"158378";"INST.FED.DO NORTE DE MG/CAMPUS JANUARIA";"000012022";"01/09/2022";"Objetivo: ACRESCENTAR 0,08% DO VALOR INICIAL ATUALIZADO DO CONTRATO, A PARTIR DA DATA DE ASSINATURA DO CONTRATO 11 2022, NOS MOLDES DO ART. 65, INCISO I, ALÍNEA 'B', § 1º, DA LEI N.º 8.666/1993, EM RAZÃO DO ACRÉSCIMO DO FERIADO DE CORPUS CHRISTI À PLANILHA DE CUSTOS E FORMAÇÃO DE PREÇOS"
"12022";"26000";"Ministério da Educação";"26434";"Instituto Federal Fluminense";"158386";"INST.FED. FLUMINENSE/CAMPUS GUARUS";"000072022";"29/07/2022";"Objetivo: TERMO DE ADITAMENTO AO CONTRATO N.º 1/2022 (SERVIÇO DE ENGENHARIA PARA REFORMA DAS FACHADAS DO BLOCO F E REPARO NA COBERTURA DO RESTAURANTE ESTUDANTIL DO CAMPUS CAMPOS GUARUS DO INSTITUTO FEDERAL FLUMINENSE.)  ACRÉSCIMO CORRESPONDENTE A 21,17% SOBRE O VALOR DO CONTRATO."
"42022";"26000";"Ministério da Educação";"26432";"Instituto Federal do Paraná";"158400";"INST. FED. DO PARANA/CAMPUS JACAREZINHO";"000012022";"20/07/2022";"Objetivo: PRORROGAR O PRAZO DA VIGÊNCIA DO CONTRATO Nº 04/2022 -JACAREZINHO, POR 12 (DOZE) MESES, CONTEMPLANDO-SE, NESTA OCASIÃO, O PERÍODO DE 06/08/2022 A 06/08/2023, NOS TERMOS DO ART. 57, II, DA LEI N.º 8.666, DE 1993."
"42022";"26000";"Ministério da Educação";"26406";"Instituto Federal do Espírito Santo";"158419";"INST.FED. ESPIRITO SANTO/CAMPUS ARACRUZ";"000012022";"11/11/2022";"Objetivo: DECRÉSCIMO FINANCEIRO DE 3,41% DO VALOR INICIAL DO CONTRATO."
"72022";"26000";"Ministério da Educação";"26406";"Instituto Federal do Espírito Santo";"158429";"INST.FED. ESPIRITO SANTO/CAMPUS V.N. DO IMIGR";"000012022";"13/09/2022";"Objetivo: ALTERAÇÃO DA RAZÃO SOCIAL E DO ENDEREÇO DA CONTRATANTE DO PRESENTE CONTRATO PARA RAZÃO SOCIAL 'MARCO ENERGIA SOLAR FOTOVOLTAICA LTDA' E ENDEREÇO 'RUA JOSÉ DE OLIVEIRA CAETANO, 655, BAIRRO MARCIA FARIA, ARCOS/MG, CEP 35588-000'."
"122022";"26000";"Ministério da Educação";"26420";"Instituto Federal Farroupilha";"158504";"INST.FED.FARROUPILHA/CAMPUS DE SANTA ROSA";"000132022";"12/08/2022";"Objetivo: FICA TEMPORARIAMENTE SUSPENSO A QUANTIDADE DE 01 (UM) POSTO DE AUXILIAR ADMINISTRATIVO E 01(UM) POSTO DE RECEPCIONISTA, PREVISTOS NA CLÁUSULA PRIMEIRA DO CONTRATO Nº 12/2022. O VALOR TOTAL ESTIMADO DO CONTRATO PREVISTO NA CLÁUSULA TERCEIRA FICA ALTERADO, PASSANDO PARA R$ 338.906,10 ."
"122019";"26000";"Ministério da Educação";"26441";"Universidade Federal do Oeste do Pará";"158515";"UNIVERSIDADE FEDERAL DO OESTE DO PARA";"000012020";"27/06/2022";"Objetivo: PRORROGAÇÃO DO PRAZO DE VIGÊNCIA E A SUSPENSÃO TEMPORÁRIA DO CONTRATO Nº 12/2019"
"122019";"26000";"Ministério da Educação";"26441";"Universidade Federal do Oeste do Pará";"158515";"UNIVERSIDADE FEDERAL DO OESTE DO PARA";"000022019";"27/07/2022";"Objetivo: RETOMADA DA EXECUÇÃO DO CONTRATO, QUE ENCONTRA-SE SUSPENSO POR FORÇA DA CLÁUSULA QUARTA DE SEU PRIMEIRO TERMO ADITIVO"
"422022";"26000";"Ministério da Educação";"26438";"Instituto Federal de Santa Catarina";"158516";"INST.FED.DE EDUC.,CIENC.E TEC.DE STA.CAT/IFSC";"000012022";"10/08/2022";"Objetivo: O OBJETO DO PRESENTE TERMO ADITIVO É A ADIÇÃO, REFERENTE À CONTRATAÇÃO, SOB A FORMA DE EXECUÇÃO INDIRETA, NO REGIME DE EMPREITADA POR PREÇO UNITÁRIO, DE PESSOA JURÍDICA ESPECIALIZADA NA GESTÃO DE MÃO DE OBRA PARA A PRESTAÇÃO DE SERVIÇOS TERCEIRIZADOS DE NATUREZA CONTINUADA COM DEDICAÇÃO EXCLUSIVA DE MÃO DE OBRA, NOS POSTOS DE: TRADUTOR INTERPRETE DE LIBRAS E CUIDADOR TÉCNICO EM ENFERMAGEM, A SEREM EXECUTADOS NOS CAMPI DO INSTITUTO FEDERAL DE SANTA CATARINA - IFSC, SEDIADOS NAS CIDADES DE CAÇADOR, FLORI"
"72020";"52000";"Ministério da Defesa";"52121";"Comando do Exército";"160002";"COMANDO DE FRONTEIRA ACRE/4 BIS";"000012021";"28/07/2022";"Objetivo: PRORROGAÇÃO DE VIGÊNCIA DO PRAZO CONTRATUAL"
"72020";"52000";"Ministério da Defesa";"52121";"Comando do Exército";"160002";"COMANDO DE FRONTEIRA ACRE/4 BIS";"000122022";"28/07/2022";"Objetivo: PRORROGAÇÃO DE VIGÊNCIA DO PRAZO CONTRATUAL"
"332022";"52000";"Ministério da Defesa";"52121";"Comando do Exército";"160036";"COMANDO DA 6ª REGIAO MILITAR";"000012022";"10/11/2022";"Objetivo: O OBJETO DO PRESENTE INSTRUMENTO É  ACRESCENTAR 11,31% DO VALOR INICIAL ATUALIZADO DO CONTRATO, A PARTIR DA DATA DE ASSINATURA DESTE INSTRUMENTO, EQUIVALENTE A R$ 12.329,47 (DOZE MIL TREZENTOS E VINTE E NOVE REAIS COM QUARENTA E SETE CENTAVOS), NOS MOLDES DO ART. 65, INCISO I, ALÍNEA 'B', § 1º, DA LEI N.º 8.666/1993, CONFORME DISCRIMINADO NA PLANILHA ANEXA NESTE ADITIVO;"
"12022";"52000";"Ministério da Defesa";"52121";"Comando do Exército";"160040";"PARQUE REGIONAL DE MANUTENCAO/6";"000012022";"22/11/2022";"Objetivo: ACRESCENTAR APROXIMADAMENTE 25% DO VALOR INICIAL ATUALIZADO DO CONTRATO, A PARTIR DA DATA DE ASSINATURA DESTE INSTRUMENTO, EQUIVALENTE A R$ 118.851,25(CENTO E DEZOITO MIL OITOCENTOS E CINQUENTA E UM E VINTE E CINCO CENTAVOS), NOS MOLDES DO ART. 65, INCISO I, ALÍNEA 'B', § 1º, DA LEI N.º 8.666/1993;"
"422022";"52000";"Ministério da Defesa";"52121";"Comando do Exército";"160069";"CENTRO DE OBTENCOES DO EXERCITO";"000012022";"07/10/2022";"Objetivo: ALTERAÇÃO DO VALOR UNITÁRIO DOS ITENS 07 E 09"
"3082021";"52000";"Ministério da Defesa";"52121";"Comando do Exército";"160088";"HOSPITAL MILITAR DE AREA DE BRASILIA";"000012022";"26/09/2022";"Objetivo: INCLUSÃO DE PROCEDIMENTO: ATENDIMENTO HOSPITAL DIA"
"122017";"52000";"Ministério da Defesa";"52121";"Comando do Exército";"160098";"BASE ADMINISTRATIVA DO CMDO DE OP ESPECIAIS";"000012019";"19/07/2022";"Objetivo: O OBJETO DESTE TERMO ADITIVO É A PRORROGAÇÃO  PELO PERÍODO DE 12 (DOZE) MESES DO TERMO DE CONTRATO Nº 12/2018,  O QUAL  TEM A FINALIDADE DE GARANTIR GARANTIR, AOS MILITARES DA ATIVA, DA RESERVA OU REFORMADOS, PENSIONISTAS E SEUS DEPENDENTES E SERVIDORES CIVIS DO EXÉRCITO BRASILEIRO (ATIVOS E INATIVOS) E DEPENDENTES DIRETOS E INDIRETOS, NAS CONDIÇÕES ESPECIFICADAS NESTE INSTRUMENTO E NO EDITAL, POR INTERMÉDIO DE HOSPITAIS GERAL, ASSISTÊNCIA MÉDICO-HOSPITALAR, AMBULATORIAL, ATENDIMENTO DE EMERGÊNCIA/URGÊ"
"122017";"52000";"Ministério da Defesa";"52121";"Comando do Exército";"160098";"BASE ADMINISTRATIVA DO CMDO DE OP ESPECIAIS";"000022020";"19/07/2022";"Objetivo: O OBJETO DESTE TERMO ADITIVO É A PRORROGAÇÃO  PELO PERÍODO DE 12 (DOZE) MESES DO TERMO DE CONTRATO Nº 12/2018,  O QUAL  TEM A FINALIDADE DE GARANTIR, AOS MILITARES DA ATIVA, DA RESERVA OU REFORMADOS, PENSIONISTAS E SEUS DEPENDENTES E SERVIDORES CIVIS DO EXÉRCITO BRASILEIRO (ATIVOS E INATIVOS) E DEPENDENTES DIRETOS E INDIRETOS, NAS CONDIÇÕES ESPECIFICADAS NESTE INSTRUMENTO E NO EDITAL, POR INTERMÉDIO DE HOSPITAIS GERAL, ASSISTÊNCIA MÉDICO-HOSPITALAR, AMBULATORIAL, ATENDIMENTO DE EMERGÊNCIA/URGÊNCIA EM R"
"122017";"52000";"Ministério da Defesa";"52121";"Comando do Exército";"160098";"BASE ADMINISTRATIVA DO CMDO DE OP ESPECIAIS";"000032021";"19/07/2022";"Objetivo: O OBJETO DESTE TERMO ADITIVO É A PRORROGAÇÃO  PELO PERÍODO DE 12 (DOZE) MESES DO TERMO DE CONTRATO Nº 12/2018,  O QUAL  TEM A FINALIDADE DE GARANTIR, AOS MILITARES DA ATIVA, DA RESERVA OU REFORMADOS, PENSIONISTAS E SEUS DEPENDENTES E SERVIDORES CIVIS DO EXÉRCITO BRASILEIRO (ATIVOS E INATIVOS) E DEPENDENTES DIRETOS E INDIRETOS, NAS CONDIÇÕES ESPECIFICADAS NESTE INSTRUMENTO E NO EDITAL, POR INTERMÉDIO DE HOSPITAIS GERAL, ASSISTÊNCIA MÉDICO-HOSPITALAR, AMBULATORIAL, ATENDIMENTO DE EMERGÊNCIA/URGÊNCIA EM R"
"12022";"52000";"Ministério da Defesa";"52121";"Comando do Exército";"160149";"COMANDO 4 BRIGADA DE CAVALARIA MECANIZADA";"000012022";"27/10/2022";"Objetivo: PRESTAÇÃO DE SERVIÇOS DE PSICOLOGIA"
"632022";"52000";"Ministério da Defesa";"52121";"Comando do Exército";"160158";"COMANDO 13  BDA DE INFANTARIA MOTORIZADA";"000012022";"24/11/2022";"Objetivo: 1.1.1. PRORROGAR O PRAZO DA VIGÊNCIA DO TERMO DE PERMISSÃO DE USO Nº 63/2022, POR 3 (TRÊS) MESES, CONTEMPLANDO-SE, NESTA OCASIÃO, O PERÍODO DE 26/10/2022 A 25/01/2023, NOS TERMOS DAS LEIS NºS 14.133 DE 1º DE ABRIL DE 2021 E 9.636/1998, PELO DECRETO-LEI Nº 9.760/1946 E PELO DECRETO Nº 3.725/2001."
"52022";"52000";"Ministério da Defesa";"52121";"Comando do Exército";"160192";"BASE DE ADMINISTRACAO E APOIO DA 5ª RM";"000012022";"10/11/2022";"Objetivo: 1.1. ALTERAÇÃO SUBJETIVA DO INSTRUMENTO DE CONTRATO ORIGINAL, EM RAZÃO DA INCORPORAÇÃO DA EMPRESA BRASIL DIGITAL TELECOMUNICAÇÕES LTDA. (CNPJ: 11.966.640/0001-77) PELA EMPRESA BRFIBRA TELECOMUNICAÇÕES LTDA. (CNPJ: 73.972.002/0001-16) EM CONSONÂNCIA A PREVISÃO LEGAL PREVISTA NO TERMO DE REFERÊNCIA DO PREGÃO Nº 15/2022. 1.2. INCLUSÃO DA CLÁUSULA 'DA INCORPORAÇÃO'. 1.3. ALTERAÇÃO DA CLÁUSULA TERCEIRA - PREÇO."
"592022";"52000";"Ministério da Defesa";"52121";"Comando do Exército";"160285";"ARSENAL DE GUERRA DO RIO";"000012022";"28/09/2022";"Objetivo: PRORROGAÇÃO DA VIGÊNCIA CONTRATUAL"
"812022";"52000";"Ministério da Defesa";"52121";"Comando do Exército";"160285";"ARSENAL DE GUERRA DO RIO";"000012022";"21/11/2022";"Objetivo: PRORROGAÇÃO DA VIGÊNCIA CONTRATUAL"
"482020";"52000";"Ministério da Defesa";"52121";"Comando do Exército";"160296";"BASE ADM DA BRIGADA DE INFANTARIA PQDT";"000262021";"24/08/2022";"Objetivo: REAJUSTE DO VALOR DO CONTRATO N° 48/2020, JUNTAMENTE COM A PRORROGAÇÃO DA VIGÊNCIA  CONTRATUAL DO SERVIÇOS DE BARBEARIA LOCALIZADO NAS INSTALAÇÕES DO COMANDO DA BRIGADA DE INFANTARIA PÁRA-QUEDISTA."
"522020";"52000";"Ministério da Defesa";"52121";"Comando do Exército";"160296";"BASE ADM DA BRIGADA DE INFANTARIA PQDT";"000262021";"26/08/2022";"Objetivo: REAJUSTE DO VALOR DO ALUGUEL DO CONTRATO N° 52/20220 E JUNTAMENTE COM A PRORROGAÇÃO DO MESMO, SERVIÇO DE BARBEARIA NO BDOMPSA."
"12018";"52000";"Ministério da Defesa";"52121";"Comando do Exército";"160297";"COMANDO DA 1ª  DIVISAO DE  EXERCITO";"000012019";"14/07/2022";"Objetivo: PRORROGAÇÃO DA VIGÊNCIA DO CONTRATO Nº 03/2018, CELEBRADO ENTRE A UNIÃO, REPRESENTADA PELO COMANDO DA 1ª DIVISÃO DE EXÉRCITO."
"12018";"52000";"Ministério da Defesa";"52121";"Comando do Exército";"160297";"COMANDO DA 1ª  DIVISAO DE  EXERCITO";"000022020";"14/07/2022";"Objetivo: PRORROGAÇÃO DA VIGÊNCIA DO CONTRATO Nº 01/2018, CELEBRADO PELA UNIÃO, JURISDICIONADO PELO COMANDO DA 1ª DIVISÃO DE EXÉRCITO"
"12018";"52000";"Ministério da Defesa";"52121";"Comando do Exército";"160297";"COMANDO DA 1ª  DIVISAO DE  EXERCITO";"000032021";"14/07/2022";"Objetivo: PRORROGAÇÃODO CONTRATO Nº 1/2018, CELEBRADO ENTRE A UNIÃO, JURISDICIONADO PELO COMANDO DA 1ª DIVISÃO DE EXÉRCITO."
"12018";"52000";"Ministério da Defesa";"52121";"Comando do Exército";"160297";"COMANDO DA 1ª  DIVISAO DE  EXERCITO";"000042022";"14/07/2022";"Objetivo: PRORROGAÇÃO DA VIGÊNCIA BEM COMO REAJUSTAR O VALOR DO CONTRATO Nº 1/2018, FIRMADO ENTRE  A UNIÃO, JURISDICIONADO PELO COMANDO DA 1ª DIVISÃO DE EXERCITO."
"122021";"52000";"Ministério da Defesa";"52121";"Comando do Exército";"160297";"COMANDO DA 1ª  DIVISAO DE  EXERCITO";"000012022";"20/09/2022";"Objetivo: ALTERAR/COMPLEMENTAR OS TERMOS DO CONTRATO NAS ESPECIFICAÇÕES CONFORME TEXTO DO 1º TERMO ADITIVO AO CONTRATO Nº 12/2021."
"152018";"52000";"Ministério da Defesa";"52121";"Comando do Exército";"160297";"COMANDO DA 1ª  DIVISAO DE  EXERCITO";"000012019";"14/07/2022";"Objetivo: PRORROGAÇÃO DA VIGÊNCIA BEM COMO O REAJUSTE DO VALOR CONSIGNADO NO TERMO DE CONTRATO"
"152018";"52000";"Ministério da Defesa";"52121";"Comando do Exército";"160297";"COMANDO DA 1ª  DIVISAO DE  EXERCITO";"000022020";"14/07/2022";"Objetivo: REAJUSTAR O VALOR DO CONTRATO BEM COMO A VIGÊNCIA."
"152018";"52000";"Ministério da Defesa";"52121";"Comando do Exército";"160297";"COMANDO DA 1ª  DIVISAO DE  EXERCITO";"000032021";"19/10/2022";"Objetivo: PRORROGAÇÃO DA VIGÊNCIA E REAJUSTE"
"182018";"52000";"Ministério da Defesa";"52121";"Comando do Exército";"160297";"COMANDO DA 1ª  DIVISAO DE  EXERCITO";"000012019";"25/07/2022";"Objetivo: PRORROGAÇÃO DA VIGÊNCIA, BEM COMO REAJUSTE DO VALOR."
"182018";"52000";"Ministério da Defesa";"52121";"Comando do Exército";"160297";"COMANDO DA 1ª  DIVISAO DE  EXERCITO";"000022020";"25/07/2022";"Objetivo: SUSPENSÃO CONTRATUAL PELO PRAZO DE 120 DIAS, COM INÍCIO EM 27/03/2020 E TÉRMINO EM 24/07/2020, PODENDO O REFERIDO PRAZO SER EXTRAPOLADO NO CONTEXTO DA PANDEMIA. HAVERÁ A PRORROGAÇÃO DA VIGÊNCIA DO CONTRATO PELO MESMO PRAZO DE INTERRUPÇÃO."
"182018";"52000";"Ministério da Defesa";"52121";"Comando do Exército";"160297";"COMANDO DA 1ª  DIVISAO DE  EXERCITO";"000032021";"25/07/2022";"Objetivo: PRORROGAÇÃO DA VIGÊNCIA, BEM COMO REAJUSTE NO VALOR DA CESSÃO DE USO PASSANDO A SER R$ 3.902,45 DURANTE O PERÍODO DE 23 ABRIL 2021 A 22 OUTUBRO 2022. FICA ESTABELECIDO QUE A CONTAR DE 23 OUTUBRO 2021 A 22 ABRIL DE 2022, O VALOR ATUALIZADO SERÁ DE R$ 7.804,91."
"182018";"52000";"Ministério da Defesa";"52121";"Comando do Exército";"160297";"COMANDO DA 1ª  DIVISAO DE  EXERCITO";"000042021";"25/07/2022";"Objetivo: DESCONTO NO VALOR DO CONTRATO PASSANDO A SER R$ 3.902,45, REFERENTE A 50% DO VALOR TOTAL, DURANTE O PERÍODO DE 23 OUTUBRO 2021 A 22 ABRIL 2022."
"182018";"52000";"Ministério da Defesa";"52121";"Comando do Exército";"160297";"COMANDO DA 1ª  DIVISAO DE  EXERCITO";"000052022";"25/07/2022";"Objetivo: PRORROGAÇÃO DA VIGÊNCIA DO CONTRATO, BEM COMO REAJUSTE NO VALOR."
"22018";"52000";"Ministério da Defesa";"52121";"Comando do Exército";"160297";"COMANDO DA 1ª  DIVISAO DE  EXERCITO";"000012019";"31/10/2022";"Objetivo: PRORROGAÇÃO DA VIGÊNCIA E REAJUSTE CONTRATUAL"
"22018";"52000";"Ministério da Defesa";"52121";"Comando do Exército";"160297";"COMANDO DA 1ª  DIVISAO DE  EXERCITO";"000022020";"31/10/2022";"Objetivo: PRORROGAÇÃO DA VIGÊNCIA, BEM COMO REAJUSTE CONTRATUAL."
"22018";"52000";"Ministério da Defesa";"52121";"Comando do Exército";"160297";"COMANDO DA 1ª  DIVISAO DE  EXERCITO";"000032021";"31/10/2022";"Objetivo: PRORROGAÇÃO DA VIGÊNCIA, BEM COMO REAJUSTE DO VALOR CONTRATUAL."
"22018";"52000";"Ministério da Defesa";"52121";"Comando do Exército";"160297";"COMANDO DA 1ª  DIVISAO DE  EXERCITO";"000042022";"31/10/2022";"Objetivo: PRORROGAÇÃO DA VIGÊNCIA, BEM COMO REAJUSTE DO VALOR."
"302020";"52000";"Ministério da Defesa";"52121";"Comando do Exército";"160297";"COMANDO DA 1ª  DIVISAO DE  EXERCITO";"000012021";"15/07/2022";"Objetivo: PRORROGAÇÃO DA VIGÊNCIA DO CONTRATO Nº 30/2020, BEM COMO REAJUSTE DO VALOR."
"302020";"52000";"Ministério da Defesa";"52121";"Comando do Exército";"160297";"COMANDO DA 1ª  DIVISAO DE  EXERCITO";"000022021";"14/10/2022";"Objetivo: REDUÇÃO EM 50% DA COBRANÇA DO VALOR MENSAL DOS ALUGUÉIS POR UM PERÍODO DE 180 (CENTO E OITENTA) DIAS, MANTENDO A VIGÊNCIA CONTRATUAL DO 1º TERMO ADITIVO."
"302020";"52000";"Ministério da Defesa";"52121";"Comando do Exército";"160297";"COMANDO DA 1ª  DIVISAO DE  EXERCITO";"000032022";"18/10/2022";"Objetivo: PRORROGAÇÃO DA VIGÊNCIA BEM COMO REAJUSTE"
"32018";"52000";"Ministério da Defesa";"52121";"Comando do Exército";"160297";"COMANDO DA 1ª  DIVISAO DE  EXERCITO";"000012019";"19/07/2022";"Objetivo: PRORROGAÇÃO DA VIGÊNCIA CONTRATUAL, BEM COMO REAJUSTE NO VALOR."
"32018";"52000";"Ministério da Defesa";"52121";"Comando do Exército";"160297";"COMANDO DA 1ª  DIVISAO DE  EXERCITO";"000022020";"19/07/2022";"Objetivo: PRORROGAÇÃO DA VIGÊNCIA CONTRATUAL, BEM COMO REAJUSTE DO VALOR."
"32018";"52000";"Ministério da Defesa";"52121";"Comando do Exército";"160297";"COMANDO DA 1ª  DIVISAO DE  EXERCITO";"000032021";"19/07/2022";"Objetivo: PRORROGAÇÃO DA VIGÊNCIA CONTRATUAL, BEM COMO REAJUSTE DO VALOR."
"32018";"52000";"Ministério da Defesa";"52121";"Comando do Exército";"160297";"COMANDO DA 1ª  DIVISAO DE  EXERCITO";"000042022";"31/10/2022";"Objetivo: PRORROGAÇÃO DA VIGÊNCIA, BEM COMO REAJUSTE CONTRATUAL."
"42018";"52000";"Ministério da Defesa";"52121";"Comando do Exército";"160297";"COMANDO DA 1ª  DIVISAO DE  EXERCITO";"000012019";"14/07/2022";"Objetivo: PRORROGAR O CONTRATO Nº 04/2018, BEM COMO REAJUSTAR OS VALORES."
"42018";"52000";"Ministério da Defesa";"52121";"Comando do Exército";"160297";"COMANDO DA 1ª  DIVISAO DE  EXERCITO";"000022020";"14/07/2022";"Objetivo: PRORROGAÇÃO DO CONTRATO Nº 04/2018, BEM COMO REAJUSTAR OS VALORES"
"42018";"52000";"Ministério da Defesa";"52121";"Comando do Exército";"160297";"COMANDO DA 1ª  DIVISAO DE  EXERCITO";"000032021";"15/07/2022";"Objetivo: PRORROGAÇÃO DO CONTRATO Nº 04/2018, BEM COMO REAJUSTE NO  VALOR."
"42018";"52000";"Ministério da Defesa";"52121";"Comando do Exército";"160297";"COMANDO DA 1ª  DIVISAO DE  EXERCITO";"000042022";"31/10/2022";"Objetivo: PRORROGAÇÃO DA VIGÊNCIA, BEM COMO REAJUSTE CONTRATUAL."
"42019";"52000";"Ministério da Defesa";"52121";"Comando do Exército";"160297";"COMANDO DA 1ª  DIVISAO DE  EXERCITO";"000012020";"20/07/2022";"Objetivo: PRORROGAÇÃO DA VIGÊNCIA DO CONTRATO, BEM COMO REAJUSTE DO VALOR."
"42019";"52000";"Ministério da Defesa";"52121";"Comando do Exército";"160297";"COMANDO DA 1ª  DIVISAO DE  EXERCITO";"000022020";"20/07/2022";"Objetivo: SUSPENSÃO CONTRATUAL PELO PRAZO DE 120 (CENTO E VINTE) DIAS, COM INÍCIO EM 27/03/2020 E TÉRMINO EM 24/07/2020, PODENDO O REFERIDO PRAZO SER EXTRAPOLADO NO CONTEXTO DA PANDEMIA, MEDIANTE SOLICITAÇÃO FORMAL DO CESSIONÁRIO E APROVAÇÃO DO CEDENTE."
"42019";"52000";"Ministério da Defesa";"52121";"Comando do Exército";"160297";"COMANDO DA 1ª  DIVISAO DE  EXERCITO";"000032021";"20/07/2022";"Objetivo: FICA ESTABELECIDO QUE O  VALOR DA CESSÃO SERÁ DE R$ 468,08 ( METADE DO VALOR) DURANTE O PERÍODO DE 04 JUN 2021 A 03 DEZ 2021, E A CONTAR DE 04 DE DEZ 2021 A 03 JUN 2022,  O VALOR ATUALIZADO DA CESSÃO SERÁ DE R$ 936,16."
"42019";"52000";"Ministério da Defesa";"52121";"Comando do Exército";"160297";"COMANDO DA 1ª  DIVISAO DE  EXERCITO";"000042021";"20/07/2022";"Objetivo: DESCONTO CONTRATUAL: FICA ESTABELECIDO QUE O VALOR DA CESSÃO SERÁ DE R$ 468,08, DURANTE O PERÍODO DE 04 DEZEMBRO 2021 A 03 JUNHO 2022."
"42019";"52000";"Ministério da Defesa";"52121";"Comando do Exército";"160297";"COMANDO DA 1ª  DIVISAO DE  EXERCITO";"000052022";"20/07/2022";"Objetivo: PRORROGAÇÃO DA VIGÊNCIA CONTRATUAL, BEM COMO REAJUSTE DO VALOR."
"52018";"52000";"Ministério da Defesa";"52121";"Comando do Exército";"160297";"COMANDO DA 1ª  DIVISAO DE  EXERCITO";"000012019";"18/07/2022";"Objetivo: PRORROGAÇÃO DA VIGÊNCIA DO CONTRATO Nº 5/2018, BEM COMO REAJUSTE DO VALOR."
"52018";"52000";"Ministério da Defesa";"52121";"Comando do Exército";"160297";"COMANDO DA 1ª  DIVISAO DE  EXERCITO";"000022020";"18/07/2022";"Objetivo: PRORROGAÇÃO DA VIGÊNCIA DO CONTRATO Nº 05/2018, BEM COMO REAJUSTE DO VALOR."
"52018";"52000";"Ministério da Defesa";"52121";"Comando do Exército";"160297";"COMANDO DA 1ª  DIVISAO DE  EXERCITO";"000032021";"18/07/2022";"Objetivo: PRORROGAÇÃO DA VIGÊNCIA DO CONTRATO, BEM COMO REAJUSTE DO VALOR."
"52018";"52000";"Ministério da Defesa";"52121";"Comando do Exército";"160297";"COMANDO DA 1ª  DIVISAO DE  EXERCITO";"000052018";"27/09/2022";"Objetivo: PRORROGAÇÃO DA VIGÊNCIA CONTRATUAL, BEM COMO REAJUSTE NO VALOR."
"62018";"52000";"Ministério da Defesa";"52121";"Comando do Exército";"160297";"COMANDO DA 1ª  DIVISAO DE  EXERCITO";"000012019";"19/07/2022";"Objetivo: PRORROGAÇÃO DA VIGÊNCIA CONTRATUAL, BEM COMO REAJUSTE NO VALOR."
"62018";"52000";"Ministério da Defesa";"52121";"Comando do Exército";"160297";"COMANDO DA 1ª  DIVISAO DE  EXERCITO";"000022020";"19/07/2022";"Objetivo: SUSPENSÃO DO CONTRATO COM A ISENÇÃO DA COBRANÇA DO VALOR DOS ALUGUÉIS PELO PRAZO DE 120 (CENTO E VINTE) DIAS, A CONTAR DE 27/03/2020, PODENDO O REFERIDO PRAZO SER EXTRAPOLADO NO CONTEXTO DA PANDEMIA, MEDIANTE SOLICITAÇÃO FORMAL DO CESSIONÁRIO E APROVAÇÃO DO CEDENTE."
"62018";"52000";"Ministério da Defesa";"52121";"Comando do Exército";"160297";"COMANDO DA 1ª  DIVISAO DE  EXERCITO";"000032020";"19/07/2022";"Objetivo: PRORROGAÇÃO DA VIGÊNCIA CONTRATUAL, BEM COMO REAJUSTE DO VALOR E RETOMADA AUTOMÁTICA DA VIGÊNCIA DO 1º TERMO ADITIVO (25/0/2020 ATÉ 01/11/2020)."
"62018";"52000";"Ministério da Defesa";"52121";"Comando do Exército";"160297";"COMANDO DA 1ª  DIVISAO DE  EXERCITO";"000042021";"19/07/2022";"Objetivo: PRORROGAÇÃO DA VIGÊNCIA CONTRATUAL, BEM COMO REAJUSTE NO VALOR."
"62019";"52000";"Ministério da Defesa";"52121";"Comando do Exército";"160297";"COMANDO DA 1ª  DIVISAO DE  EXERCITO";"000012020";"15/07/2022";"Objetivo: PRORROGAÇÃO DO CONTRATO Nº 06/2019, BEM COMO REAJUSTE DO VALOR."
"62019";"52000";"Ministério da Defesa";"52121";"Comando do Exército";"160297";"COMANDO DA 1ª  DIVISAO DE  EXERCITO";"000022021";"15/07/2022";"Objetivo: PRORROGAÇÃO DO CONTRATO Nº 06/2019, BEM COMO REAJUSTE DO VALOR"
"62019";"52000";"Ministério da Defesa";"52121";"Comando do Exército";"160297";"COMANDO DA 1ª  DIVISAO DE  EXERCITO";"000032022";"15/07/2022";"Objetivo: PRORROGAÇÃO DA VIGÊNCIA DO CONTRATO Nº 06/2019, BEM COMO REAJUSTE NO VALOR."
"62020";"52000";"Ministério da Defesa";"52121";"Comando do Exército";"160297";"COMANDO DA 1ª  DIVISAO DE  EXERCITO";"000012021";"13/07/2022";"Objetivo: O TERMO ADITIVO TEM POR OBJETO REAJUSTE DO VALOR DO TERMO DE CONTRATO Nº 6/2020 E PRORROGAÇÃO DA VIGÊNCIA POR MAIS 12 (DOZE) MESES."
"62020";"52000";"Ministério da Defesa";"52121";"Comando do Exército";"160297";"COMANDO DA 1ª  DIVISAO DE  EXERCITO";"000022022";"31/10/2022";"Objetivo: PRORROGAR A VIGÊNCIA DO CONTRATO, REAJUSTAR O VALOR E RETIFICAR O CNPJ DA CESSIONÁRIA NO 1º TERMO ADITIVO, ONDE SE LÊ: 00.655.522/0044-61, LEIA-SE: 00.643.742/0001-35."
"62020";"52000";"Ministério da Defesa";"52121";"Comando do Exército";"160297";"COMANDO DA 1ª  DIVISAO DE  EXERCITO";"000032022";"31/10/2022";"Objetivo: CONFORME A PORTARIA - C EX Nº 1812, DE 16 DE AGOSTO DE 2022, EM QUE O COMANDANTE DO EXÉRCITO AUTORIZA, NOS ARTS. 1º E 2º, A CESSÃO DE USO NÃO ONEROSA DE IMÓVEIS ADMINISTRADOS PELO COMANDO DO EXÉRCITO À FHE PARA PRESTAR ATIVIDADE DE APOIO, E REVOGA A PORTARIA C EX Nº 612, DE 23 DE ABRIL DE 2018, CUJAS ALTERAÇÕES ENTRARAM EM VIGOR A PARTIR DE 1º DE SETEMBRO DE 2022., TORNA-SE, A PARTIR DA DATA DE 1º /09/2022, O CONTRATO NÃO ONEROSO (CESSÃO DE USO GRATUITA). DESSA FORMA, SEGUEM ALTERADAS AS CLÁUSULAS QUIN"
"82019";"52000";"Ministério da Defesa";"52121";"Comando do Exército";"160297";"COMANDO DA 1ª  DIVISAO DE  EXERCITO";"000012020";"14/07/2022";"Objetivo: PRORROGAÇÃO DA VIGÊNCIA DO CONTRATO BEM COMO REAJUSTAR O VALOR."
"82019";"52000";"Ministério da Defesa";"52121";"Comando do Exército";"160297";"COMANDO DA 1ª  DIVISAO DE  EXERCITO";"000022021";"14/07/2022";"Objetivo: PRORROGAR A VIGÊNCIA DO CONTRATO, BEM COMO REAJUSTAR O VALOR."
"52019";"52000";"Ministério da Defesa";"52121";"Comando do Exército";"160315";"CENTRO DE CAP.FISIC.DO EXERCIT. FORT.SAO JOAO";"000062022";"28/07/2021";"Objetivo: RENOVAÇÃO DO PRAZO DE VIGÊNCIA E A REVISÃO / REPACTUAÇÃO DOS VALORES DO TERMO DE CONTRATO 01/2019 PARA PRESTAÇÃO DE SERVIÇOS DE APOIO, EM ESPAÇO FÍSICP EXISTENTE NAS DEPENDÊNCIAS DO CCFEX VOLTADO PARA FORNECIMENTO DE LANCHES E DE REFEIÇÕES PARA A COMUNIDADE DA FORTALEZA DE SÃO JOÃO."
"52019";"52000";"Ministério da Defesa";"52121";"Comando do Exército";"160315";"CENTRO DE CAP.FISIC.DO EXERCIT. FORT.SAO JOAO";"000072022";"29/07/2022";"Objetivo: CONSTITUI OBJETO DESTE TERMO ADITIVO A RENOVAÇÃO DO PRAZO DE VIGÊNCIA DO TERMO DE CONTRATO 01/2019 PARA A PRESTAÇÃO DE SERVIÇOS DE APOIO, EM ESPAÇO FÍSICO EXISTENTE NAS DEPENDÊNCIAS DO CCFEX, VOLTADA AO FORNECIMENTO DE LANCHES E DE REFEIÇÕES PARA A COMUNIDADE DO COMPLEXO DA FORTALEZA DE SÃO JOÃO, CONFORME ESPECIFICAÇÕES DESCRITAS NO TERMO DE REFERÊNCIA, ANEXO I DO EDITAL E PASSA A CONTAR A NOVA VIGÊNCIA DE 01 DE AGOSTO DE 2022 E FINDANDO EM 31 DE JULHO DE 2022."
"192022";"52000";"Ministério da Defesa";"52121";"Comando do Exército";"160324";"INSTITUTO DE BIOLOGIA DO EXERCITO";"000012022";"25/08/2022";"Objetivo: O PRESENTE TERMO TEM POR OBJETIVO A ALTERAÇÃO DO OBJETO CONTRATUAL COM O RESPECTIVO ACRÉSCIMO DE VALOR, COM FULCRO NO ARTIGO 65, INCISO I, ALÍNEA 'B' DA LEI N° 8.666/1993."
"112022";"52000";"Ministério da Defesa";"52121";"Comando do Exército";"160396";"COMISSAO REGIONAL DE OBRAS/3";"000012022";"04/11/2022";"Objetivo: ADEQUAÇÃO DO PAVILHÃO DO 9° REGIMENTO DE CAVALARIA BLINDADO (9°RCB), EM SÃO GABRIEL/RS"
"242022";"52000";"Ministério da Defesa";"52121";"Comando do Exército";"160415";"DEPOSITO DE SUBSISTENCIA SANTA MARIA";"000012022";"31/08/2022";"Objetivo: AQUISIÇÃO DE ALIMENTOS DA AGRICULTURA FAMILIAR DO QUANTITATIVO DE SUBSISTÊNCIA"
"182022";"52000";"Ministério da Defesa";"52121";"Comando do Exército";"160482";"COMANDO/1A BRIGADA DE INFANTARIA DE SELVA";"000012022";"06/10/2022";"Objetivo: ACRÉSCIMO DE 25% NO VALOR TOTAL DE CONTRATO, COM OS VALORES REAJUSADOS DE ACORDO COM O IGPM."
"432022";"52000";"Ministério da Defesa";"52121";"Comando do Exército";"160488";"COMANDO DA 2  REGIAO MILITAR";"000432022";"02/08/2022";"Objetivo: ALTERAR A CLÁUSULA 3 - PREÇO, EM FUNÇÃO DA SOLICITAÇÃO DE REQUILÍBRIO ECONÔMICO FINANCEIRO PELA EMPRESA P.ARA O ITEM 25-FEIJÃO CARIOCA TIPO 1"
"502021";"52000";"Ministério da Defesa";"52121";"Comando do Exército";"160488";"COMANDO DA 2  REGIAO MILITAR";"000012022";"04/08/2022";"Objetivo: ACRÉSCIMO DE 25% NA QUANTIDADE INICIAL CONTRATADA."
"592021";"52000";"Ministério da Defesa";"52121";"Comando do Exército";"160495";"HOSPITAL MILITAR DE AREA DE SAO PAULO";"000382022";"28/07/2022";"Objetivo: PRORROGAR O PRAZO DA VIGÊNCIA DO CONTRATO Nº 59/2021, POR 12 (DOZE) MESES, CONTEMPLANDO-SE, NESTA OCASIÃO, O PERÍODO DE 10/08/2022 A 09/08/2023"
"142022";"52000";"Ministério da Defesa";"52121";"Comando do Exército";"160524";"15 BATALHAO LOGISTICO";"000012022";"21/10/2022";"Objetivo: ACRESCENTAR 25% DO VALOR INICIAL ATUALIZADO DO CONTRATO (ITEM 120), A PARTIR DA DATA DE ASSINATURA DO INSTRUMENTO, EQUIVALENTE A R$ 3.675,00, NOS MOLDES DO ART. 65, INCISO I, ALÍNEA 'B', §1º, DA LEI 8.666/93."
"82022";"52000";"Ministério da Defesa";"52121";"Comando do Exército";"160524";"15 BATALHAO LOGISTICO";"000012022";"14/10/2022";"Objetivo: PRORROGAR O PRAZO DE EXECUÇÃO DO OBJETO CONTRATUAL, COM FUNDAMENTO NO ARTIGO 57, PARÁGRAFO 1º, DA LEI Nº 8.666/93, DE 21JUN93, POR MAIS 22 (VINTE E DOIS) DIAS, COM INÍCIO EM 10/10/2022, ENCERRANDO-SE EM 31/10/2022."
"10012020";"52000";"Ministério da Defesa";"27201";"Fundação Habitacional do Exército";"168001";"FUND.HAB.EXERCITO - DIFERENCA DA INTEGRACAO";"000012021";"12/08/2021";"Objetivo: PRORROGAR O PRAZO DE EXECUÇÃO DOS SERVIÇOS DE VIGILÂNCIA PATRIMONIAL DESARMADA PERMANENTE, DIURNO E NOTURNO, EM IMÓVEL DE PROPRIEDADE DA FUNDAÇÃO HABITACIONAL DO EXÉRCITO - FHE, DENOMINADO ÁREA 3-B, COM ÁREA DE 142.848,26 M², SITO À RUA CARLOS WENCESLAU (PROFESSOR), N° 343 (ANTIGA RUA OLIVEIRA BRAGA), REALENGO, RIO DE JANEIRO/RJ, POR 12 (DOZE) MESES, A CONTAR DE 28/08/2021. E PRORROGA A VIGÊNCIA DO CONTRATO FICA PRORROGADA PARA 28/11/2022."
"17132022";"52000";"Ministério da Defesa";"27201";"Fundação Habitacional do Exército";"168001";"FUND.HAB.EXERCITO - DIFERENCA DA INTEGRACAO";"000012022";"05/10/2022";"Objetivo: ACRÉSCIMO DE SERVIÇOS REFERENTES AO AUMENTO DA ÁREA DE FORRO A SER DEMOLIDA E RECUPERADA PARA A EXECUÇÃO DA NOVA INFRAESTRUTURA DE ESGOTO, SUBSTITUIÇÃO DA TUBULAÇÃO EXISTENTE E A TROCA DA TORNEIRA DA PIA E LUMINÁRIA DO BANHEIRO, NO VALOR DE R$ 9.628,65 (NOVE MIL, SEISCENTOS E VINTE E OITO REAIS E SESSENTA E CINCO CENTAVOS). O PRAZO PARA EXECUÇÃO FICA PRORROGADO POR 30 (TRINTA) DIAS."
"7092022";"52000";"Ministério da Defesa";"27201";"Fundação Habitacional do Exército";"168001";"FUND.HAB.EXERCITO - DIFERENCA DA INTEGRACAO";"000012022";"07/10/2022";"Objetivo: PRORROGAÇÃO DO PRAZO DE EXECUÇÃO DOS SERVIÇOS DA CARTA-ACORDO Nº 001707 DE 04/07/2022 POR 30 (TRINTA) DIAS, PASSANDO DE 15/08/2022 PARA 15/09/2022 O MARCO FINAL"
"462022";"52000";"Ministério da Defesa";"52221";"Indústria de Material Bélico do Brasil";"168005";"INDUSTRIA DE MATERIAL BELICO DO BRASIL/FI";"000012022";"09/11/2022";"Objetivo: ACRESCIMO E VIGÊNCIA"
"612022";"52000";"Ministério da Defesa";"52221";"Indústria de Material Bélico do Brasil";"168005";"INDUSTRIA DE MATERIAL BELICO DO BRASIL/FI";"000012022";"21/11/2022";"Objetivo: ACRESCIMO"
"132021";"52000";"Ministério da Defesa";"52221";"Indústria de Material Bélico do Brasil";"168007";"INDUSTRIA DE MATERIAL BELICO DO BRASIL/FMCE";"000012022";"13/07/2022";"Objetivo: PRORROGAR O PRAZO DE VIGÊNCIA DO CONTRATO ORIGINAL POR MAIS 12 MESES"
"142022";"25000";"Ministério da Economia";"25000";"Ministério da Economia - Unidades com vínculo";"170018";"SUPERINTENDENCIA REGIONAL DA RFB NA 1A RF";"000012022";"18/07/2022";"Objetivo: ALTERAÇÃO DA TITULARIDADE DA CONTRATANTE, A PARTIR DA ASSINATURA, FACE À SUB-ROGAÇÃO DO CONTRATO Nº 14/2022 À SUPERINTENDÊNCIA REGIONAL DA RECEITA FEDERAL BRASIL DA 1ª REGIÃO FISCAL."
"62022";"25000";"Ministério da Economia";"25000";"Ministério da Economia - Unidades com vínculo";"170075";"SUPERINTENDENCIA REG. ADM. DO ME - BAHIA";"000012022";"23/09/2022";"Objetivo: O PRESENTE TERMO ADITIVO TEM POR OBJETO A SUPRESSÃO DE 45,42% (QUARENTA E CINCO INTEIROS E QUARENTA E DOIS CENTÉSIMOS POR CENTO) DO VALOR INICIAL ATUALIZADO DO CONTRATO FIRMADO ENTRE AS PARTES, A PARTIR DE 03/11/2022, COM FUNDAMENTO NO INCISO II, PARÁGRAFO SEGUNDO DO ARTIGO 65 DA LEI Nº 8.666/1993"
"62022";"25000";"Ministério da Economia";"25000";"Ministério da Economia - Unidades com vínculo";"170075";"SUPERINTENDENCIA REG. ADM. DO ME - BAHIA";"000022022";"21/11/2022";"Objetivo: O PRESENTE TERMO ADITIVO TEM POR OBJETO A ALTERAÇÃO DA DATA DE VIGÊNCIA INICIAL DO TERMO ADITIVO DE SUPRESSÃO N.º 01/2022, PUBLICADO NO D.O.U. DE 23 DE SETEMBRO DE 2022.A REFERIDA SUPRESSÃO SE FAZ NECESSÁRIA PARA QUE A SRA/BA TENHA TEMPO DE FINALIZAR A LICITAÇÃO QUE SUSBTITUIRÁ DE MANEIRA ADEQUADA OS ITENS EXCLUÍDOS DO CONTRATO N.º 06/2022 ATRAVÉS DO TERMO DE SUPRESSÃO MENCIONADO ACIMA. COM A ALTERAÇÃO DE VIGÊNCIA IMPLEMENTADA POR ESTE TERMO ADITIVO, O TERMO INICIAL PARA EFEITOS DA SUPRESSÃO DO"
"72022";"25000";"Ministério da Economia";"25000";"Ministério da Economia - Unidades com vínculo";"170075";"SUPERINTENDENCIA REG. ADM. DO ME - BAHIA";"000012022";"05/10/2022";"Objetivo: O PRESENTE TERMO ADITIVO TEM POR OBJETO O ACRÉSCIMO DE 03 (TRÊS) POSTO DE ASSISTENTE DE ROTINAS ADMINISTRATIVAS, SENDO 01 (UM) POSTO PARA ATENDER DEMANDA DA SUPERINTENDÊNCIA DO MINISTÉRIO DA SAÚDE NA BAHIA E 02 (DOIS) PARA A SUPERINTENDÊNCIA REGIONAL DE ADMINISTRAÇÃO DO MINISTÉRIO DA ECONOMIA NA BAHIA."
"82022";"25000";"Ministério da Economia";"25000";"Ministério da Economia - Unidades com vínculo";"170075";"SUPERINTENDENCIA REG. ADM. DO ME - BAHIA";"000012022";"25/07/2022";"Objetivo: PORTARIA SGC/SRA-BA/ME Nº 6317, DE 15 DE JULHO DE 2022   SUBDELEGA COMPETÊNCIAS ÀS AUTORIDADES QUE MENCIONA PARA CELEBRAR CONTRATOS, CONVÊNIOS, AJUSTES, CONTRATOS DE REPASSE, ACORDOS, TERMOS DE EXECUÇÃO DESCENTRALIZADA E OUTROS INSTRUMENTOS CONGÊNERES NO ÂMBITO DA SUPERINTENDÊNCIA REGIONAL DE ADMINISTRAÇÃO NO ESTADO DA BAHIA, CONVALIDA ATOS ADMINISTRATIVOS E DÁ OUTRAS PROVIDÊNCIAS.  O SUPERINTENDENTE DE ADMINISTRAÇÃO DO MINISTÉRIO DA ECONOMIA NO ESTADO DA BAHIA,, NO USO DE S"
"162022";"25000";"Ministério da Economia";"25000";"Ministério da Economia - Unidades com vínculo";"170078";"SUPERINTENDENCIA REGIONAL DA RFB NA 5A RF";"000012022";"26/07/2022";"Objetivo: O PRESENTE TERMO ADITIVO TEM POR OBJETO A ALTERAÇÃO DA TITULARIDADE DA CONTRATANTE, A PARTIR DE SUA ASSINATURA, FACE À SUB-ROGAÇÃO DO CONTRATO Nº 16/2022 À SUPERINTENDÊNCIA REGIONAL DA RECEITA FEDERAL BRASIL DA 5ª REGIÃO FISCAL."
"82021";"25000";"Ministério da Economia";"25000";"Ministério da Economia - Unidades com vínculo";"170081";"DELEGACIA DA RFB EM VITORIA DA CONQUISTA";"000152022";"20/07/2022";"Objetivo: O PRESENTE TERMO ADITIVO TEM POR OBJETO A PRORROGAÇÃO DA VIGÊNCIA DO CONTRATO POR MAIS 12 MESES, DE 15/08/2022 ATÉ 14/08/2023."
"42022";"25000";"Ministério da Economia";"25000";"Ministério da Economia - Unidades com vínculo";"170100";"GERENCIA REG. DE ADM. DO ME - ESPIRITO SANTO";"000012022";"09/08/2022";"Objetivo: O PRESENTE TERMO ADITIVO TEM POR OBJETO INFORMAR O ACRÉSCIMO DE 02 POSTOS DE AUXILIAR ADMINISTRATIVO A PARTIR DE 15/08/2022."
"62022";"25000";"Ministério da Economia";"25000";"Ministério da Economia - Unidades com vínculo";"170106";"GERENCIA REG.DE ADM.DO ME-MATO GROSSO DO SUL";"000012022";"06/09/2022";"Objetivo: O PRESENTE TERMO ADITIVO TEM POR OBJETO A PRORROGAÇÃO DA VIGÊNCIA POR 12 MESES."
"1102022";"25000";"Ministério da Economia";"25000";"Ministério da Economia - Unidades com vínculo";"170131";"SUPERINTENDENCIA REG. ADM. DO ME - SAO PAULO";"000012022";"26/08/2022";"Objetivo: SUPRESSÃO DE 11,09% DO VALOR INICIAL ATUALIZADO DO CONTRATO. SERÃO SUPRIMIDOS 5 (CINCO) LOCAIS DE PRESTAÇÃO DE SERVIÇOS, NO ÂMBITO DAS AGÊNCIAS REGIONAIS DO TRABALHO E EMPREGO EM ASSIS, MIRASSOL, MOGI DAS CRUZES, OLÍMPIA E SUZANO"
"1262022";"25000";"Ministério da Economia";"25000";"Ministério da Economia - Unidades com vínculo";"170131";"SUPERINTENDENCIA REG. ADM. DO ME - SAO PAULO";"000012022";"30/11/2022";"Objetivo: PRORROGAÇÃO DA VIGÊNCIA CONTRATUAL DE 31/12/2022 A 28/02/2023, COM BASE NO ART. 57, § 1º, III, DA LEI 8.666/93 E ALTERAÇÃO DO PRAZO DE EXECUÇÃO, ESTABELECIDO PELA CLÁUSULA 2.2.1 DO CONTRATO Nº 126/2022, DE 90 (NOVENTA) DIAS PARA 150 DIAS."
"182022";"25000";"Ministério da Economia";"25000";"Ministério da Economia - Unidades com vínculo";"170177";"SUPERINTENDENCIA REGIONAL DA RFB NA 10A RF";"000012022";"17/08/2022";"Objetivo: ALTERAÇÃO DA TITULARIDADE DA CONTRATANTE, A PARTIR DA ASSINATURA DESTE TERMO ADITIVO,  FACE À SUB-ROGAÇÃO DO CONTRATO Nº 18/2022 À SUPERINTENDÊNCIA REGIONAL DA RECEITA FEDERAL BRASIL DA 10ª REGIÃO FISCAL."
"132022";"25000";"Ministério da Economia";"25000";"Ministério da Economia - Unidades com vínculo";"170214";"SUPERINTENDENCIA REG. ADM. DO ME - PARA";"000012022";"17/10/2022";"Objetivo: O PRESENTE  TERMO ADITIVO TEM POR OBJETO O ACRÉSCIMO DE  14,81203%  (QUATORZE VIRGULA OITO UM DOIS ZERO TRÊS POR CENTO) DO VALOR DO CONTRATO ORIGINAL, ADICIONANDO 01  (UM) POSTO DIURNO ARMADO, MUNIDO DERÁDIO DE COMUNICAÇÃO PORTÁTIL, NA  ESCALA  DE 12 X 36 HORAS, DE SEGUNDA A DOMINGO, PARA ATENDER O ANTIGO PRÉDIO DA RECEITA FEDERAL,  LOCALIZADO A RUA   GASPAR VIANA Nº 485,    BAIRRO REDUTO, BELÉM/PARÁ, DE ACORDO COM ADEMANDA E DESPACHO, DOCS. 26472768 E 27336833, RESPECTIVAMENTE, POR ESSE MOTIVO ALTEROU"
"72022";"25000";"Ministério da Economia";"25000";"Ministério da Economia - Unidades com vínculo";"170344";"GERENCIA REG. DE ADMINISTRACAO DO ME - ACRE";"000012022";"15/08/2022";"Objetivo: SUBSTITUIR O CNPJ DA CONTRATADA PARA O DA FILIAL, CONFORME SEGUE: FBX SERVIÇOS DE SEGURANÇA LTDA., INSCRITA NO CNPJ SOB O Nº 12.159.225/0004-17. VALOR MENSAL DO CONTRATO COM A REDUÇÃO DO SAT (RAT X FAP) PARA 3% É DE R$ 20.532,56 (VINTE MIL QUINHENTOS E TRINTA E DOIS REAIS E CINQUENTA E SEIS CENTAVOS), PERFAZENDO O VALOR TOTAL DE R$ 246.390,72 (DUZENTOS E QUARENTA E SEIS MIL TREZENTOS E NOVENTA REAIS E SETENTA E DOIS CENTAVOS)."
"22022";"44000";"Ministério do Meio Ambiente";"20701";"Instituto Brasileiro do Meio Ambiente e dos R";"193115";"IBAMA - SUPERINTENDENCIA DA PARAIBA/PB";"000012022";"03/08/2022";"Objetivo: O OBJETO DO PRESENTE TERMO ADITIVO É A SUPRESSÃO DE ATÉ  33,62% (TRINTA E TRÊS INTEIROS E SESSENTA E DOIS CENTÉSIMOS POR CENTO) DO CONTRATO DE FORNECIMENTO DE PRODUTOS HORTIFRUTIGRANJEIROS EM ESTADO NATURAL (IN NATURA), OVOS E CARNES PARA GUARNECER O CENTRO DE TRIAGEM DE ANIMAIS SILVESTRES - CETAS-PB."
"32022";"44000";"Ministério do Meio Ambiente";"20701";"Instituto Brasileiro do Meio Ambiente e dos R";"193115";"IBAMA - SUPERINTENDENCIA DA PARAIBA/PB";"000012022";"03/08/2022";"Objetivo: O OBJETO DO PRESENTE TERMO ADITIVO É A SUPRESSÃO DE ATÉ  33,62% (TRINTA E TRÊS INTEIROS E SESSENTA E DOIS CENTÉSIMOS POR CENTO) DO CONTRATO DE FORNECIMENTO DE PRODUTOS HORTIFRUTIGRANJEIROS EM ESTADO NATURAL (IN NATURA), OVOS E CARNES PARA GUARNECER O CENTRO DE TRIAGEM DE ANIMAIS SILVESTRES - CETAS - PB."
"282022";"30000";"Ministério da Justiça e Segurança Pública";"30802";"Departamento de Polícia Rodoviária Federal";"200116";"SUPERINTENDENCIA DA PRF NO RIO DE JANEIRO";"000012022";"13/07/2022";"Objetivo: O PRESENTE TERMO ADITIVO TEM POR OBJETO A FORMALIZAÇÃO DO AJUSTE REALIZADO NAS QUANTIDADES LANÇADAS NO SISTEMA COMPRASNET,  DE FORMA A CONTEMPLAR NO REFERIDO SISTEMA O PRAZO DE VIGÊNCIA CONTRATUAL DE 48 MESES, PARA REFLETIR CORRETAMENTE A TOTALIDADE DO VALOR CONTRATUAL"
"212022";"30000";"Ministério da Justiça e Segurança Pública";"30802";"Departamento de Polícia Rodoviária Federal";"200128";"SUPERINTENDENCIA DA PRF NO MATO GROSSO DO SUL";"000012022";"22/08/2022";"Objetivo: SUPRIMIR 2,20% DO VALOR INICIAL ATUALIZADO DO CONTRATO, A PARTIR DA DATA DE ASSINATURA DESTE INSTRUMENTO, EQUIVALENTE A R$ 12.414,63 (DOZE MIL E QUATROCENTOS E QUATORZE REAIS E SESSENTA E TRÊS CENTAVOS), REFERENTE AO POSTO DE LIMPEZA DA UAP PORTO MURTINHO, NOS MOLDES DO ART. 65, INCISO I, ALÍNEA 'B', §§ 1º E 2º, DA LEI N.º 8.666/1993;"
"452022";"30000";"Ministério da Justiça e Segurança Pública";"30911";"Fundo Nacional de Segurança Pública";"200331";"FUNDO NACIONAL DE SEGURANCA PUBLICA - FNSP";"000012022";"03/10/2022";"Objetivo: A ALTERAÇÃO QUALITATIVA REFERENTE AO MODELO DO OBJETO DO CONTRATO Nº 45/2022 - SEGEN (18467227), EM SUBSTITUIÇÃO AO OFERTADO NA PROPOSTA COMERCIAL DA CONTRATADA, COM FUNDAMENTO NA ALÍNEA A, DO INCISO I, DO ART. 65, DA LEI Nº 8.666/1993.PELO PRESENTE REGISTRA-SE A SUBSTITUIÇÃO DO EQUIPAMENTO 'CONTROLADORA BROADCOM 57416 DUAL PORT 10GBE BASE-T ADAPTER, OCP NIC 3.0' PELO NOVO MODELO 'CONTROLADORA INTEL X710-T4L QUAD-PORT 10GBE BASE-T ADAPTER, OCP NIC 3.0'."
"562021";"30000";"Ministério da Justiça e Segurança Pública";"30108";"Departamento de Polícia Federal";"200360";"SUPERINTENDENCIA REGIONAL NO ESTADO DE SP";"000012022";"02/08/2022";"Informação protegida por sigilo nos termos da legislação vigente"
"562021";"30000";"Ministério da Justiça e Segurança Pública";"30108";"Departamento de Polícia Federal";"200360";"SUPERINTENDENCIA REGIONAL NO ESTADO DE SP";"000022022";"21/11/2022";"Informação protegida por sigilo nos termos da legislação vigente"
"32022";"24000";"Ministério da Ciência, Tecnologia, Inovações ";"24000";"Ministério da Ciência, Tecnologia, Inovações ";"240137";"CENTRO DE TECNOLOGIAS ESTRATEG. DO NORDESTE";"000012022";"31/10/2022";"Objetivo: ACRESCENTAR 6,46% DO VALOR INICIAL ATUALIZADO DO CONTRATO, EQUIVALENTE A R$ R$15.593,49, PERFAZENDO O VALOR TOTAL ANUAL DO CONTRATO SERÁ DE R$ 3.083.883,11."
"1732022";"36000";"Ministério da Saúde";"36000";"Ministério da Saúde - Unidades com vínculo di";"250005";"DEPARTAMENTO DE LOGISTICA EM SAUDE - DLOG";"000012022";"10/11/2022";"Objetivo: ACRÉSCIMO AO QUANTITATIVO DE FRASCOS-AMPOLA DO MEDICAMENTO INFLIXIMABE 100 MG"
"1772022";"36000";"Ministério da Saúde";"36000";"Ministério da Saúde - Unidades com vínculo di";"250005";"DEPARTAMENTO DE LOGISTICA EM SAUDE - DLOG";"000012022";"15/08/2022";"Objetivo: ALTERAÇÃO DO CRONOGRAMA DE ENTREGA, FIXADO NO CONTRATO ORIGINÁRIO"
"1912022";"36000";"Ministério da Saúde";"36000";"Ministério da Saúde - Unidades com vínculo di";"250005";"DEPARTAMENTO DE LOGISTICA EM SAUDE - DLOG";"000012022";"12/09/2022";"Objetivo: ACRÉSCIMO AO QUANTITATIVO RALTEGRAVIR 100MG"
"152022";"36000";"Ministério da Saúde";"36213";"Agência Nacional de Saúde Suplementar";"253003";"AGENCIA NACIONAL DE SAUDE SUPLEMENTAR";"000012022";"24/08/2022";"Objetivo: RETIFICAR O TERMO DE REFERÊNCIA ANEXO AO CONTRATO PARA QUE PASSE A CONSTAR CONFORME ANEXO (SEI Nº 24068039)."
"2542022";"36000";"Ministério da Saúde";"36201";"Fundação Oswaldo Cruz";"254445";"INSTITUTO DE TECNOLOGIA EM IMUNOBIOLOGICOS";"000832022";"19/09/2022";"Objetivo: RETIFICAÇÃO DA CLÁUSULA DE VIGÊNCIA (CLÁUSULA SEGUNDA DO CONTRATO), DE ACORDO COM A INSTRUÇÃO PROCESSUAL SEI 1932680"
"2792022";"36000";"Ministério da Saúde";"36201";"Fundação Oswaldo Cruz";"254445";"INSTITUTO DE TECNOLOGIA EM IMUNOBIOLOGICOS";"001052022";"09/11/2022";"Objetivo: TERMO ADITIVO COM A FINALIDADE DE PRORROGAÇÃO DO PRAZO DE VIGÊNCIA DO CONTRATO Nº 279/2022, BEM COMO O ACRÉSCIMO DO OBJETO CONTRATUAL, CONFORME JUSTIFICATIVA ANEXADA AOS AUTOS NO DOCUMENTO SEI - 2096898, COM FULCRO NO ART. 57, §1º, INCISO II C/C ART. 65, INCISO II, ALÍNEA 'B' E §1º, DA LEI Nº 8.666/93."
"212022";"36000";"Ministério da Saúde";"36201";"Fundação Oswaldo Cruz";"254462";"COORDENACAO GERAL DE INFRAESTRUTURA DOS CAMPI";"000012022";"22/09/2022";"Objetivo: ALTERAR O CNPJ/MF: 05.353.545/0001-03 (MATRIZ) PARA O CNPJ/MF: 05.353.545/0021-49 (FILIAL), SEDIADA EM EUSÉBIO/CE PARA FINS DE FATURAMENTOS, COM FULCRO NO QUE DISPÕE NO INCISO I DO ART. 58, DA LEI N° 8.666/93."
"1102022";"36000";"Ministério da Saúde";"36211";"Fundação Nacional de Saúde";"255010";"FUNDACAO NACIONAL DE SAUDE - MA";"000012022";"29/08/2022";"Objetivo: ESTE TERMO ADITIVO PRORROGA POR MAIS 12 (DOZE) MESES, COM INÍCIO EM 01 DE SETEMBRO DE 2022 E TÉRMINO EM 01 DE SETEMBRO 2023, O PRAZO DE VIGÊNCIA DO CONTRATO ADMINISTRATIVO N. 110/2022, CONFORME PREVISTO NA CLÁUSULA SEGUNDA - VIGÊNCIA, E NOS TERMOS DO INCISO II DO ARTIGO 57 DA LEI N. 8.666/93."
"932022";"36000";"Ministério da Saúde";"36211";"Fundação Nacional de Saúde";"255016";"FUNDACAO NACIONAL DE SAUDE - PR";"000012022";"20/07/2022";"Objetivo: O PRESENTE TERMO ADITIVO TEM POR OBJETO A ALTERAÇÃO DA CLÁUSULA TERCEIRA - DO PREÇO, VISANDO À REPACTUAÇÃO DE VALORES DO REFERIDO CONTRATO, EM VIRTUDE DA NOVA CONVENÇÃO COLETIVA DE TRABALHO 2022/2023 (REGISTRO Nº PR001684/2021 - SEI 3948851, DATA-BASE 01/06/2022)."
"932022";"36000";"Ministério da Saúde";"36211";"Fundação Nacional de Saúde";"255016";"FUNDACAO NACIONAL DE SAUDE - PR";"000022022";"10/11/2022";"Objetivo: TEM POR OBJETO PRORROGAR POR MAIS 12 (DOZE) MESES, COM INÍCIO EM 04/12/2022 E TÉRMINO EM 04/12/2023, O PRAZO DE VIGÊNCIA DO CONTRATO ADMINISTRATIVO Nº 93/2022, CONFORME PREVISTO NA CLÁUSULA SEGUNDA - VIGÊNCIA E NOS TERMOS DO INCISO II, DO ARTIGO 57, DA LEI 8.666/93."
"692022";"36000";"Ministério da Saúde";"36000";"Ministério da Saúde - Unidades com vínculo di";"257030";"DISTRITO SANIT.ESP.INDIGENA - PARINTINS";"000012022";"23/11/2022";"Objetivo: SUPRESSÃO DE 25% (VINTE E CINCO POR CENTO) DO VALOR INICIAL ATUALIZADO DO CONTRATO, EQUIVALENTE A R$ 2.752.500,00 (DOIS MILHÕES, SETECENTOS E CINQUENTA E DOIS MIL E QUINHENTOS REAIS), NOS MOLDES DO ART. 65, INCISO I, ALÍNEA 'B', §§ 1º E 2º, DA LEI N.º 8.666/1993."
"692022";"36000";"Ministério da Saúde";"36000";"Ministério da Saúde - Unidades com vínculo di";"257030";"DISTRITO SANIT.ESP.INDIGENA - PARINTINS";"000022022";"23/11/2022";"Objetivo: ESPÉCIE: EXTRATO DE RETIFICAÇÃO DO TERMO ADITIVO AO CONTRATO Nº 69/2022, FIRMADO EM 17/11/2022, ENTRE A UNIÃO, ATRAVÉS DO DSEI PARINTINS E FLYONE SERVICO AEREO ESPECIALIZADO, COMERCIO E SERVICOS, PUBLICADO NO DOU DE 22/11/2022, SEÇÃO 3, Nº 219, PÁGINA 143. OBJETIVO: RETIFICAÇÃO DO TERMO ADITIVO. ONDE SE LÊ: VALOR TOTAL ATUALIZADO DO CONTRATO: R$ 11.010.000,000 - LEIA-SE: VALOR TOTAL: R$ 8.257.500,00."
"262022";"36000";"Ministério da Saúde";"36000";"Ministério da Saúde - Unidades com vínculo di";"257034";"DISTRITO SANIT.ESP.INDIGENA - MARANHAO";"000012022";"29/09/2022";"Objetivo: PRORROGAR O CONTRATO ORIGINAL Nº 26/2022, PRESTAÇÃO DE SERVIÇOS DE ENGENHARIA PARA O FORNECIMENTO E INSTALAÇÃO DE SUBESTAÇÃO AÉREA COM TRANSFORMADOR TRIFÁSICO DE 225KVA NA SEDE DO DSEI-MA, EM SÃO LUIS/MA, POR MAIS UM PERÍODO DE 30 DIAS DE 11/10/2022 ATÉ 11/11/2022.  FUNDAMENTO: ART. 113 DA LEI 14.133/2021."
"272022";"36000";"Ministério da Saúde";"36000";"Ministério da Saúde - Unidades com vínculo di";"257034";"DISTRITO SANIT.ESP.INDIGENA - MARANHAO";"000012022";"17/11/2022";"Objetivo: PRORROGAR O CONTRATO ORIGINAL Nº 27/2022. OBJ: CONTRATAÇÃO DE EMPRESA ESPECIALIZADA PARA A AMPLIAÇÃO NO SISTEMA DE ABASTECIMENTO DE ÁGUA-SAA DA ALDEIA PANTANAL, MUNICÍPIO DE BARRA DO CORDA, POLO BASE DE BARRA DO CORDA/MA PARA AS ALDEIAS CRUZEIRO, RECANTO, Y'HA'O E PEDRO KAWAN, NA ABRANGÊNCIA DO DISTRITO SANITÁRIO ESPECIAL INDÍGENA DO MARANHÃO - DSEI/MA, POR MAIS UM PERÍODO DE 60 (SESSENTA) DIAS. FUNDAMENTO LEGAL: ARTIGO 57, § 1º, INC. II, DA LEI 8.666/1993."
"182021";"36000";"Ministério da Saúde";"36000";"Ministério da Saúde - Unidades com vínculo di";"257039";"DISTRITO SANIT.ESP.INDIGENA - CUIABA";"000012022";"23/03/2022";"Objetivo: CONSTITUI OBJETO DO PRESENTE INSTRUMENTO A ALTERAÇÃO DO CONTRATO Nº 16/2021, RELATIVO AO ACRÉSCIMO DE 25% (VINTE E CINCO POR CENTO) NO OBJETO, COM FUNDAMENTO NO § I, DO ART. 65, C/C ART. 58, INCISO I, DA LEI Nº 8.666/93, PARA MELHOR ADEQUAÇÃO ÀS FINALIDADES DE INTERESSE PÚBLICO."
"182021";"36000";"Ministério da Saúde";"36000";"Ministério da Saúde - Unidades com vínculo di";"257039";"DISTRITO SANIT.ESP.INDIGENA - CUIABA";"000022022";"25/05/2022";"Objetivo: PRORROGAR O PRAZO DA VIGÊNCIA DO CONTRATO Nº 18/2021, POR 12 (DOZE) MESES, CONTEMPLANDO-SE, NESTA OCASIÃO, O PERÍODO DE 12/07/2022 A 12/07/2023, NOS TERMOS DO ART. 57, (II OU IV), DA LEI N.º 8.666, DE 1993."
"132022";"39000";"Ministério da Infraestrutura";"29209";"VALEC Engenharia, Construções e Ferrovias S.A";"275075";"VALEC ENGENHARIA CONSTRUCOES E FERROVIAS S.A.";"000012022";"01/11/2022";"Objetivo: O PRESENTE TERMO ADITIVO TEM COMO OBJETO FORMALIZAR A ALTERAÇÃO SUBJETIVA DO INSTRUMENTO DE CONTRATO ORIGINAL, OCORRIDA EM RAZÃO DA INCORPORAÇÃO DA EMPRESA DE PLANEJAMENTO E LOGÍSTICA S.A -EPL PELA VALEC ENGENHARIA, CONSTRUÇÕES E FERROVIAS S.A, QUANDO A EMPRESA INCORPORADORA PASSOU A SUCEDER TODOS OS BENS, DIREITOS E OBRIGAÇÕES CONTRATUAIS ATÉ ENTÃO EXISTENTES DA EMPRESA INCORPORADA, COM FULCRO NO ART. 1º DO DECRETO Nº 11.081, DE 24 DE MAIO DE 2022 C/C ART. 227, CAPUT E SEUS PARÁGRAFOS 1º E 2º, DA LEI"
"92022";"54000";"Ministério do Turismo";"20411";"Instituto do Patrimônio Histórico e Artístico";"343026";"IPHAN - EXECUCAO ORCAMENTARIA E FINANCEIRA";"000012022";"25/11/2022";"Objetivo: PRORROGAÇÃO, POR MAIS 12 (DOZE) MESES, DO PRAZO DE VIGÊNCIA DO CONTRATO Nº. 09/2022, CONFORME PREVISTO NA CLÁUSULA SEGUNDA - DA VIGÊNCIA E NOS TERMOS DO INCISO II DO ART. 57 DA LEI Nº 8.666/93."
"42022";"54000";"Ministério do Turismo";"20411";"Instituto do Patrimônio Histórico e Artístico";"343032";"SUPERINTENDENCIA DO IPHAN NA PARAIBA,IPHAN-PB";"000012022";"18/10/2022";"Objetivo: PRORROGAÇÃO DO PRAZO DE VIGÊNCIA DO CONTRATO Nº 04/2022, POR MAIS 60 (SESSENTA) DIAS, COM INÍCIO EM 12/10/2022 E TÉRMINO EM 10/12/2022, CONFORME PREVISTO NA CLÁUSULA SEGUNDA - 'DA VIGÊNCIA' E NOS TERMOS DO ART. 57, § 1º, DA LEI Nº 8.666/93."
"152022";"39000";"Ministério da Infraestrutura";"39000";"Ministério da Infraestrutura - Unidades com v";"390004";"SUBSECRETARIA PLAN.,ORC.E ADM.-ADMINISTRATIVO";"000012022";"09/11/2022";"Objetivo: PRORROGAR O PRAZO DA VIGÊNCIA DO CONTRATO Nº 15/2022, POR 12 (DOZE) MESES, CONTEMPLANDO-SE, NESTA OCASIÃO, O PERÍODO DE 27/11/2022 A 26/11/2023, OU ATÉ QUE SE CONCLUA NOVO PROCEDIMENTO LICITATÓRIO, NOS TERMOS DO ART. 57, II, DA LEI Nº 8.666, DE 1993."
"122022";"39000";"Ministério da Infraestrutura";"39250";"Agência Nacional de Transportes Terrestres";"393001";"AGENCIA NACIONAL DE TRANSPORTES TERRESTRES";"000012022";"10/10/2022";"Objetivo: 1.1.1. - REPACTUAR OS VALORES DO CONTRATO, 1.1.1.1. - A PARTIR DE 1º DE JANEIRO DE 2022, COM EFEITOS A PARTIR DE 1º DE JULHO DE 2022, NO PERCENTUAL TOTAL DE 10,1051%, RELATIVA À MÃO DE OBRA, PARA OS POSTOS DE RECEPCIONISTA URSP; ASSISTENTE ADMINISTRATIVO URSP; ASSISTENTE ADMINISTRATIVO PFA TIETÊ; E ASSISTENTE ADMINISTRATIVO PFA ROSEIRA.1.1.2 - PRORROGAR, POR MAIS 12 (DOZE) MESES, COM INÍCIO NA DATA DE 08/10/2022 E TÉRMINO EM 08/10/2023, O PRAZO DE VIGÊNCIA DO CONTRATO ADMINISTRATIVO Nº 012/2022"
"3482022";"39000";"Ministério da Infraestrutura";"39252";"Departamento Nacional de Infraestrutura de Tr";"393018";"SUPERINTENDENCIA REG. NO ESTADO ES - DNIT";"000012022";"29/11/2022";"Objetivo: INCLUSÃO DE OBRIGAÇÃO À CONTRATADA, INCLUSÃO DE GARANTIA ADICIONAL, INCLUSÃO DE CLÁUSULA DE CESSÃO DE CRÉDITOS, ALTERAÇÃO DAS DISTÂNCIAS MÉDIAS DE TRANSPORTE E PRORROGAÇÃO DO PRAZO DE VIGÊNCIA AO CONTRATO"
"3362022";"39000";"Ministério da Infraestrutura";"39252";"Departamento Nacional de Infraestrutura de Tr";"393021";"SUPERINTENDENCIA REG. NO ESTADO RN - DNIT";"000012022";"24/11/2022";"Objetivo: ALTERAÇÃO DE VALOR DO CONTRATO N° 336/2022, PELA 1ª REVISÃO DE PROJETO EM FASE DE OBRAS."
"3412022";"39000";"Ministério da Infraestrutura";"39252";"Departamento Nacional de Infraestrutura de Tr";"393026";"SUPERINTENDENCIA REG. NO ESTADO AL - DNIT";"000012022";"23/08/2022";"Objetivo: EXTRATO DE RETIFICAÇÃONO EXTRATO DE CONSTRATO Nº 341/2022 - UASG 393026 - SUP.REG.AL - DNIT, PUBLICADO NO D.O.U DE 25/07/2022, SEÇÃO 3, PÁGINA 100, ONDE SE LÊ: ... PRAZO DE EXECUÇÃO: 180 DIAS. VIGÊNCIA: 22/07/2022 A 22/01/2023 ... , LEIA-SE: ... PRAZO DE EXECUÇÃO: 162 DIAS. VIGÊNCIA: 22/07/2022 A 30/12/2022 ... ."
"3432022";"39000";"Ministério da Infraestrutura";"39252";"Departamento Nacional de Infraestrutura de Tr";"393026";"SUPERINTENDENCIA REG. NO ESTADO AL - DNIT";"000012022";"24/08/2022";"Objetivo: EXTRATO DE RETIFICAÇÃO - NO EXTRATO DE CONSTRATO Nº 343/2022 - UASG 393026 - SUP.REG.AL - DNIT, PUBLICADO NO D.O.U DE 25/07/2022, SEÇÃO 3, PÁGINA 100, ONDE SE LÊ: ... PRAZO DE EXECUÇÃO: 180 DIAS. VIGÊNCIA: 22/07/2022 A 22/01/2023 ... , LEIA-SE: ... PRAZO DE EXECUÇÃO: 162 DIAS. VIGÊNCIA: 22/07/2022 A 30/12/2022"
"632022";"41000";"Ministério das Comunicações";"41000";"Ministério das Comunicações - Unidades com ví";"410061";"SECRETARIA ESPECIAL DE COMUNICACAO SOCIAL";"000012022";"01/09/2022";"Objetivo: ACRESCENTAR 20,53% (VINTE INTEIROS E CINQUENTA E TRÊS CENTÉSIMOS POR CENTO) DO VALOR INICIAL ATUALIZADO DO CONTRATO, A PARTIR DA DATA DE ASSINATURA DESTE INSTRUMENTO, EQUIVALENTE A R$ 693.804,17 (SEISCENTOS E NOVENTA E TRÊS MIL OITOCENTOS E QUATRO REAIS E DEZESSETE CENTAVOS), NOS MOLDES DO ART. 65, INCISO I, ALÍNEAS 'A' E 'B', § 1º, DA LEI Nº 8.666, DE 1993.; ALTERAR QUALITATIVAMENTE O ITEM 'ARQUIBANCADA PARA 20 MIL PESSOAS' CONSTANTE EM ANEXO - TABELA E SERVIÇOS, O QUAL PASSARÁ A SEGUIR COM REDAÇÃO 'A"
"42004";"41000";"Ministério das Comunicações";"41231";"Agêncial Nacional de Telecomunicações";"413003";"AGENCIA NACIONAL DE TELECOMUNICACOES-RJ";"000012005";"14/07/2022";"Objetivo: PRORROGAÇÃO E REAJUSTE DO CONTRATO Nº 004/2004 - LOCAÇÃO PARA INSTALAÇÃO DE ANTENAS DA GR02"
"42004";"41000";"Ministério das Comunicações";"41231";"Agêncial Nacional de Telecomunicações";"413003";"AGENCIA NACIONAL DE TELECOMUNICACOES-RJ";"000022006";"22/07/2022";"Objetivo: PRORROGAÇÃO E REAJUSTE DO CONTRATO Nº 004/2004 - LOCAÇÃO PARA INSTALAÇÃO DE ANTENAS DA GR02"
"42004";"41000";"Ministério das Comunicações";"41231";"Agêncial Nacional de Telecomunicações";"413003";"AGENCIA NACIONAL DE TELECOMUNICACOES-RJ";"000032007";"22/07/2022";"Objetivo: PRORROGAÇÃO E REAJUSTE DO CONTRATO Nº 004/2004 - LOCAÇÃO PARA INSTALAÇÃO DE ANTENAS DA GR02"
"42004";"41000";"Ministério das Comunicações";"41231";"Agêncial Nacional de Telecomunicações";"413003";"AGENCIA NACIONAL DE TELECOMUNICACOES-RJ";"000042008";"22/07/2022";"Objetivo: PRORROGAÇÃO E REAJUSTE DO CONTRATO Nº 004/2004 - LOCAÇÃO PARA INSTALAÇÃO DE ANTENAS DA GR02"
"42004";"41000";"Ministério das Comunicações";"41231";"Agêncial Nacional de Telecomunicações";"413003";"AGENCIA NACIONAL DE TELECOMUNICACOES-RJ";"000052009";"22/07/2022";"Objetivo: PRORROGAÇÃO E REAJUSTE DO CONTRATO Nº 004/2004 - LOCAÇÃO PARA INSTALAÇÃO DE ANTENAS DA GR02"
"42004";"41000";"Ministério das Comunicações";"41231";"Agêncial Nacional de Telecomunicações";"413003";"AGENCIA NACIONAL DE TELECOMUNICACOES-RJ";"000062010";"22/07/2022";"Objetivo: PRORROGAÇÃO DO CONTRATO Nº 004/2004 - LOCAÇÃO PARA INSTALAÇÃO DE ANTENAS DA GR02"
"42004";"41000";"Ministério das Comunicações";"41231";"Agêncial Nacional de Telecomunicações";"413003";"AGENCIA NACIONAL DE TELECOMUNICACOES-RJ";"000072011";"22/07/2022";"Objetivo: PRORROGAÇÃO DO CONTRATO Nº 004/2004 - LOCAÇÃO PARA INSTALAÇÃO DE ANTENAS DA GR02"
"42004";"41000";"Ministério das Comunicações";"41231";"Agêncial Nacional de Telecomunicações";"413003";"AGENCIA NACIONAL DE TELECOMUNICACOES-RJ";"000082012";"22/07/2022";"Objetivo: PRORROGAÇÃO E REAJUSTE DO CONTRATO Nº 004/2004 - LOCAÇÃO PARA INSTALAÇÃO DE ANTENAS DA GR02"
"42004";"41000";"Ministério das Comunicações";"41231";"Agêncial Nacional de Telecomunicações";"413003";"AGENCIA NACIONAL DE TELECOMUNICACOES-RJ";"000092013";"22/07/2022";"Objetivo: PRORROGAÇÃO E REAJUSTE DO CONTRATO Nº 004/2004 - LOCAÇÃO PARA INSTALAÇÃO DE ANTENAS DA GR02"
"42004";"41000";"Ministério das Comunicações";"41231";"Agêncial Nacional de Telecomunicações";"413003";"AGENCIA NACIONAL DE TELECOMUNICACOES-RJ";"000102014";"22/07/2022";"Objetivo: PRORROGAÇÃO E REAJUSTE DO CONTRATO Nº 004/2004 - LOCAÇÃO PARA INSTALAÇÃO DE ANTENAS DA GR02"
"42004";"41000";"Ministério das Comunicações";"41231";"Agêncial Nacional de Telecomunicações";"413003";"AGENCIA NACIONAL DE TELECOMUNICACOES-RJ";"000112015";"22/07/2022";"Objetivo: PRORROGAÇÃO E REAJUSTE DO CONTRATO Nº 004/2004 - LOCAÇÃO PARA INSTALAÇÃO DE ANTENAS DA GR02"
"42004";"41000";"Ministério das Comunicações";"41231";"Agêncial Nacional de Telecomunicações";"413003";"AGENCIA NACIONAL DE TELECOMUNICACOES-RJ";"000122019";"22/07/2022";"Objetivo: PRORROGAÇÃO E REAJUSTE DO CONTRATO Nº 004/2004 - LOCAÇÃO PARA INSTALAÇÃO DE ANTENAS DA GR02"
"182022";"52000";"Ministério da Defesa";"52131";"Comando da Marinha";"765741";"LABORATORIO FARMACEUTICO DA MARINHA";"000182022";"19/08/2022";"Objetivo: CONTRATAÇÃO DE EMPRESA ESPECIALIZADA NA PRESTAÇÃO DOS SERVIÇOS DE COLETA DE LIXO EXTRAORDINÁRIO ORIGINADO DA VARRIÇÃO DE ESCRITÓRIOS, PÁTIOS, OFICINAS E RESTOS DE RESTAURANTE E SEMELHANTES DO LABORATÓRIO FARMACÊUTICO DA MARINHA E DO CENTRO DE MEDICINA OPERATIVA DA MARINHA."
"782020";"52000";"Ministério da Defesa";"52131";"Comando da Marinha";"782320";"CAPITANIA DOS PORTOS DE SERGIPE";"780012020";"01/08/2022";"Objetivo: CONTRATAÇÃO DE SERVIÇOS DE ASSISTÊNCIA MEDICA HOSPITALAR"
"32022";"52000";"Ministério da Defesa";"52131";"Comando da Marinha";"784800";"BASE NAVAL DE VAL-DE-CAES";"000012022";"22/11/2022";"Objetivo: ALTERAÇÃO DO CONTRATO Nº 84800/2022-003/00 EM DECORRÊNCIA DEACRÉSCIMO DOS QUANTITATIVOS INICIALMENTE PREVISTOS DO OBJETO,  COM FUNDAMENTO NO ARTIGO 65, DA LEI N.º 8.666, DE 21 DE JUNHO DE 1993O PRESENTE TERMO ADITIVO REFERE-SE A EXECUÇÃO DE INSTALAÇÃO DOS BICOS INJETORES E A PARAMETRIZAÇÃO DOS MESMOS E INSTALAÇÃO DE 2 SENSORES,  COM FORNECIMENTO DE PEÇAS/SOBRESSALENTES DE SUBSTITUIÇÃO OBRIGATÓRIAS NECESSÁRIAS PARA A EXECUÇÃO DA REPARAÇÃO (BICO INJETOR E SENSOR DE PRESSÃO), CONFORME CONDIÇÕES, QUANT"
"12022";"52000";"Ministério da Defesa";"52131";"Comando da Marinha";"795500";"BASE DE FUZILEIROS NAVAIS DO RIO MERITI";"000022022";"08/11/2023";"Objetivo: PRESTAÇÃO DE SERVIÇOS DE ABASTECIMENTO DE ÁGUA E ESGOTAMENTO SANITÁRIO DA BASE DE FUZILEIROS NAVAIS DO RIO MERITI (BFNRM), DO COMANDO DA FORÇA DE FUZILEIROS DA ESQUADRA (COMFFE), DO BATALHÃO LOGÍSTICO DE FUZILEIROS NAVAIS (BTLLOGFUZNAV), DO BATALHÃO DE ENGENHARIA DE FUZILEIROS NAVAIS (BTLENGFUZNAV) E DO COMANDO DA TROPA DE DESEMBARQUE (CMDOTRDBQ) - ORGANIZAÇÕES MILITARES (OM) QUE FORMAM O COMPLEXO NAVAL CAXIAS MERITI (CNCM), NA RODOVIA WASHINGTON LUIZ, KM 124, PARQUE DUQUE - MUNICÍPIO DE DUQUE DE CAXIA"
