"Código Órgão";"Nome Órgão";"Código UG";"Nome UG";"Número Contrato";"Código Item Compra";"Descrição Item Compra";"Descrição Complementar Item Compra";"Quantidade Item";"Valor Item"
"52131";"Comando da Marinha";"783330";"CAPITANIA DOS PORTOS DA PARAIBA";"12022";"7833300700001202200001";"CONSULTA MEDICA - CLINICA GERAL";"SERVIÇOS DE ORTOPEDIA E TRAUMATOLOGIA NAS ÁREAS DE OMBRO E COTOVELO, QUADRIL, COLUNA VERTEBRAL, JOELHO E PÉ, DERMATOLOGIA, ATIVIDADES MÉDICAS AMBULATORIAL C OM REALIZAÇÃO DE EXAMES COMPLEMENTARES, DIAGNÓSTICO POR IMAGEM E ATIVIDADES DE  FISIOTERAPIA.";"1";"9756,97"
"52121";"Comando do Exército";"160255";"1 BATALHAO DE POLICIA DO EXERCITO";"22017";"1602550500002201700003";"TELEFONIA FIXA COMUTADA / CONVENCIONAL";"RAMAIS DDR";"1200";"10,00"
"52121";"Comando do Exército";"160255";"1 BATALHAO DE POLICIA DO EXERCITO";"22017";"1602550500002201700001";"TELEFONIA FIXA COMUTADA / CONVENCIONAL";"ENLANCE DIGITAL E1 - HABILITAÇÃO";"5";"1124,60"
"52121";"Comando do Exército";"160255";"1 BATALHAO DE POLICIA DO EXERCITO";"22017";"1602550500002201700008";"TELEFONIA FIXA COMUTADA / CONVENCIONAL";"TARIFA LDN - FIXO PARA FIXO - DEGRAU 3";"601";"0,40"
"52121";"Comando do Exército";"160255";"1 BATALHAO DE POLICIA DO EXERCITO";"22017";"1602550500002201700006";"TELEFONIA FIXA COMUTADA / CONVENCIONAL";"TARIFA LDN - FIXO PARA FIXO - DEGRAU 1";"601";"0,40"
"52121";"Comando do Exército";"160255";"1 BATALHAO DE POLICIA DO EXERCITO";"22017";"1602550500002201700010";"TELEFONIA FIXA COMUTADA / CONVENCIONAL";"TARIFA LDN - FIXO PARA MÓVEL - VC-2";"361";"0,50"
"52121";"Comando do Exército";"160255";"1 BATALHAO DE POLICIA DO EXERCITO";"22017";"1602550500002201700004";"TELEFONIA FIXA COMUTADA / CONVENCIONAL";"TARIFA LOCAL FIXO PARA FIXO";"24001";"0,10"
"52121";"Comando do Exército";"160255";"1 BATALHAO DE POLICIA DO EXERCITO";"22017";"1602550500002201700007";"TELEFONIA FIXA COMUTADA / CONVENCIONAL";"TARIFA LDN - FIXO PARA FIXO - DEGRAU 2";"601";"0,40"
"52121";"Comando do Exército";"160255";"1 BATALHAO DE POLICIA DO EXERCITO";"22017";"1602550500002201700009";"TELEFONIA FIXA COMUTADA / CONVENCIONAL";"TARIFA LDN - FIXO PARA FIXO - DEGRAU 4";"601";"0,40"
"52121";"Comando do Exército";"160255";"1 BATALHAO DE POLICIA DO EXERCITO";"22017";"1602550500002201700011";"TELEFONIA FIXA COMUTADA / CONVENCIONAL";"TARIFA LDN - FIXO PARA MÓVEL - VC-3";"361";"0,50"
"52121";"Comando do Exército";"160255";"1 BATALHAO DE POLICIA DO EXERCITO";"22017";"1602550500002201700002";"TELEFONIA FIXA COMUTADA / CONVENCIONAL";"ENLANCE DIGITAL E1 - ASSINATURA";"50";"664,31"
"52121";"Comando do Exército";"160255";"1 BATALHAO DE POLICIA DO EXERCITO";"22017";"1602550500002201700005";"TELEFONIA FIXA COMUTADA / CONVENCIONAL";"TARIFA LOCAL FIXO PARA MÓVEL - VC 1";"361";"0,50"
"52131";"Comando da Marinha";"781332";"DELEG. DA CAPITANIA DOS PORTOS EM ITACURUCA";"22019";"7813320600019201900001";"OBRAS CIVIS PUBLICAS ( CONSTRUCAO )";"OBRAS CIVIS PÚBLICAS ( CONSTRUÇÃO )REESTRUTURAÇÃO DE SAPATAS, COLUNAS, VIGAS, LAJE; CONTRA PISO NA LAJE, CONFECÇÃO DE PORTA DE FERRO NO ACESSO A LAJE; CONFE CÇÃO E INSTALAÇÃO DE ESCADA DE FERRO FIXADA NA PAREDE; PAREDES DE APROXIMADAME NTE 2M COM VIGAS EM TODA EXTENSÃO, ESTRUTURA E INSTALAÇÃO DE TELHAS DE PVC COL ONIAL; CUNHA COM ROLDANA PARA IÇAR MATERIAL; ISOLAMENTO TÉRMICO COM ISOPOR E P VC E INSTALAÇÃO DE BASCULANTE NA PAREDE DO GAP.";"1";"10200,00"
"26443";"Empresa Brasileira de Serviços Hospitalares";"155019";"HOSPITAL UNIVERSITARIO JULIO MULLER";"22022";"1550190700021202200009";"CONJUNTO OFTALMOLÓGICO";"CONJUNTO OFTALMOLÓGICO, APLICAÇÃO* P/ VITRECTOMIA POSTERIOR, COMPONENTE 1 SONDA P/ CORTE, TAMANHO 23 G, COMPONENTE 3 ESCLERÓTOMO, ENDOILUMINADOR, COMPONENTE 4 C/ SISTEMA DE IRRIGAÇÃO E ASPIRAÇÃO, COMPATIBILIDADE COMPATIBILIDADE C/ EQUIPAMENTO, ESTERILIDADE ESTÉRIL";"30";"875,95"
"26443";"Empresa Brasileira de Serviços Hospitalares";"155019";"HOSPITAL UNIVERSITARIO JULIO MULLER";"22022";"1550190700021202200003";"EQUIPO ESPECIAL";"EQUIPO ESPECIAL, APLICAÇÃO P/ FILTRAÇÃO E TRANSFERÊNCIA, NÚMERO VIAS DUAS VIAS , MATERIAL TUBO EM PVC, TIPO PINÇA PINÇA CLAMP EM TODAS VIAS, TIPO CONECTOR EXTREMIDADE C/ AGULHA EM AÇO INOX, CARACTERÍSTICAS ADICIONAIS C/ DUPLA CÂMARA C/ FILTRO, ESTERILIDADE ESTÉRIL, DESCARTÁVEL, COMPATIBILIDADE COMPATÍVEL C/ TESTE DE ESTERILIDADE";"80";"133,06"
"26443";"Empresa Brasileira de Serviços Hospitalares";"155019";"HOSPITAL UNIVERSITARIO JULIO MULLER";"22022";"1550190700021202200002";"CONJUNTO OFTALMOLÓGICO";"CONJUNTO OFTALMOLÓGICO, APLICAÇÃO* COMBINADO FACO E VITRECTOMIA POSTERIOR, COMPONENTE 1 SONDA P/ CORTE, TAMANHO 23 G, COMPONENTE 2 LUVA DE SILICONE, CHAVE, CÂMARA TESTE, COMPONENTE 3 ESCLERÓTOMO, ENDOILUMINADOR, TROCARTERS, COMPONENTE 4 C/ SISTEMA DE IRRIGAÇÃO E ASPIRAÇÃO, COMPATIBILIDADE COMPATIBILIDADE C/ EQUIPAMENTO, ESTERILIDADE ESTÉRIL";"80";"245,53"
"26443";"Empresa Brasileira de Serviços Hospitalares";"155019";"HOSPITAL UNIVERSITARIO JULIO MULLER";"22022";"1550190700021202200005";"CONJUNTO OFTALMOLÓGICO";"CONJUNTO OFTALMOLÓGICO, APLICAÇÃO* P/ VITRECTOMIA ANTERIOR, COMPONENTE 1 SONDA P/ CORTE, TAMANHO 23 G, COMPONENTE 4 C/ SISTEMA DE IRRIGAÇÃO E ASPIRAÇÃO, COMPATIBILIDADE COMPATIBILIDADE C/ EQUIPAMENTO, ESTERILIDADE ESTÉRIL";"80";"2237,50"
"26443";"Empresa Brasileira de Serviços Hospitalares";"155019";"HOSPITAL UNIVERSITARIO JULIO MULLER";"22022";"1550190700021202200008";"SONDA USO OFTALMOLÓGICO";"SONDA USO OFTALMOLÓGICO, MATERIAL AÇO INOXIDÁVEL, TAMANHO 23 G, TIPO P/ CORTE, APLICAÇÃO P/ VITRECTOMIA ANTERIOR, COMPATIBILIDADE COMPATÍVEL C/ EQUIPAMENTO, ADICIONAIS C/ TUBO CONECTOR EM PVC, TIPO USO DESCARTÁVEL, ESTÉRIL";"3";"2822,20"
"26443";"Empresa Brasileira de Serviços Hospitalares";"155019";"HOSPITAL UNIVERSITARIO JULIO MULLER";"22022";"1550190700021202200004";"SONDA USO OFTALMOLÓGICO";"SONDA USO OFTALMOLÓGICO, MATERIAL AÇO INOXIDÁVEL E NITINOL, TAMANHO 23 G, TIPO RETA, APLICAÇÃO P/ FOTOCOAGULAÇÃO, COMPATIBILIDADE COMPATÍVEL C/ EQUIPAMENTO, ESTERILIDADE ESTERILIZÁVEL";"15";"513,50"
"26443";"Empresa Brasileira de Serviços Hospitalares";"155019";"HOSPITAL UNIVERSITARIO JULIO MULLER";"22022";"1550190700021202200006";"PONTEIRA USO OFTALMOLÓGICO";"PONTEIRA USO OFTALMOLÓGICO, APLICAÇÃO* P/ FACOEMULSIFICAÇÃO, MATERIAL* AÇO INOXIDÁVEL, TIPO PONTA PONTA CURVA, TAMANHO 30 G, ESTERILIDADE* ESTERILIZÁVEL";"30";"600,93"
"26443";"Empresa Brasileira de Serviços Hospitalares";"155019";"HOSPITAL UNIVERSITARIO JULIO MULLER";"22022";"1550190700021202200007";"SONDA USO OFTALMOLÓGICO";"SONDA USO OFTALMOLÓGICO, MATERIAL AÇO INOXIDÁVEL E NITINOL, TAMANHO 23 G, TIPO CURVA, APLICAÇÃO P/ FOTOCOAGULAÇÃO, COMPATIBILIDADE COMPATÍVEL C/ EQUIPAMENTO, ESTERILIDADE ESTERILIZÁVEL";"80";"953,54"
"26443";"Empresa Brasileira de Serviços Hospitalares";"155019";"HOSPITAL UNIVERSITARIO JULIO MULLER";"22022";"1550190700021202200001";"CASSETE";"CASSETE, APLICAÇÃO COMPATÍVEL C/ FACOEMULSIFICADOR, APRESENTAÇÃO ESTOJO PLÁSTICO RÍGIDO, COMPONENTE 1 SENSOR DE PRESSÃO, REGULADOR DE FLUÍDOS, COMPONENTE 2 C/ LINHA DE IRRIGAÇÃO ASPIRAÇÃO EM SILICONE";"10";"639,50"
"52000";"Ministério da Defesa - Unidades com vínculo d";"110402";"ESCOLA SUPERIOR DE GUERRA";"42021";"1104020700001202100001";"ASSINATURA DE JORNAIS, REVISTAS E PERIODICOS";"ASSINATURA DA BASE DE DADOS DA PLATAFORMA EBSCO, NO PERÍODO DE 12 MESES, CONTE NDO OS SEGUINTES PERIÓDICOS:    - MILITARY & GOVERNMENT COLLECTION,    - POLIT ICAL SCIENCE COMPLETE;     - INTERNATIONAL SECURITY & COUNTER TERRORISM REFERE NCE CENTER.      ACESSO ILIMITADO AOS PERIÓDICOS, VIA LINK OU IP";"1";"49000,00"
"26237";"Universidade Federal de Juiz de Fora";"153061";"UNIVERSIDADE FEDERAL DE JUIZ DE FORA";"52018";"1530610500043201800002";"CONCESSAO USO - AREA / IMOVEL PUBLICO";"CONCESSÃO DE USO DE ESPAÇO FÍSICO PARA EXPLORAÇÃO COMERCIAL D TIPO CANTINA, PO R PESSOA JURÍDICA, NAS DEPENDÊNCIAS DA UNIVERSIDADE FEDERAL DE JUIZ DE FORA - UFJF, NO INSTITUTO DE CIÊNCIAS BIOLÓGICAS (ICB), LOCALIZADA NO CAMPUS DA UFJF,  NA CIDADE DE JUIZ DE FORA - MG, VISANDO ATENDER AS DEMANDAS ROTINEIRAS DE ALU NOS, PROFESSORES, TÉCNICO-ADMINISTRATIVOS, ESTAGIÁRIOS, TERCEIRIZADOS E VISITA NTES EVENTUAIS, NOS DIAS E HORÁRIOS DE FUNCIONAMENTO DA INSTITUIÇÃO, CONFORME CONDIÇÕES ESTABELECIDAS NO EDITAL";"12";"941,80"
"26237";"Universidade Federal de Juiz de Fora";"153061";"UNIVERSIDADE FEDERAL DE JUIZ DE FORA";"52018";"1530610500043201800001";"CONCESSAO USO - AREA / IMOVEL PUBLICO";"CONCESSÃO DE USO DE ESPAÇO FÍSICO PARA EXPLORAÇÃO COMERCIAL D TIPO CANTINA, PO R PESSOA JURÍDICA, NAS DEPENDÊNCIAS DA UNIVERSIDADE FEDERAL DE JUIZ DE FORA - UFJF, NO INSTITUTO DE CIÊNCIAS HUMANAS (ICH), LOCALIZADA NO CAMPUS DA UFJF, NA  CIDADE DE JUIZ DE FORA - MG, VISANDO ATENDER AS DEMANDAS ROTINEIRAS DE ALUNOS , PROFESSORES, TÉCNICO-ADMINISTRATIVOS, ESTAGIÁRIOS, TERCEIRIZADOS E VISITANTE S EVENTUAIS, NOS DIAS E HORÁRIOS DE FUNCIONAMENTO DA INSTITUIÇÃO, CONFORME CON DIÇÕES ESTABELECIDAS NO EDITAL";"12";"3578,23"
"26429";"Instituto Federal de Educação, Ciência e Tecn";"158432";"INST.FED.DE GOIAS/CAMPUS INHUMAS";"82021";"0";"Inválido";"Inválido";"1";"302400,00"
"24000";"Ministério da Ciência, Tecnologia, Inovações ";"240120";"CENTRO BRASILEIRO DE PESQUISAS FISICAS";"82022";"2401200500004202200001";"RESERVA EM HOTEIS NACIONAIS E INTERNACIONAIS";"RESERVA EM HOTÉIS PARA OS ALUNOS PARTICIPANTES DA 6ªEAFEXP DO CBPF.";"1";"97997,90"
"52121";"Comando do Exército";"160056";"2º CENTRO DE GEOINFORMACAO";"92021";"1600560500004202100003";"DESENVOLVIMENTO E/OU EVOLUCAO DE SOFTWATE - OUTRAS LINGUAGENS";"DESENVOLVIMENTO DE SISTEMAS TECNOLOGIA OUTSYSTEMS.";"4000";"553,28"
"52111";"Comando da Aeronáutica";"120638";"BASE AEREA DE CAMPO GRANDE";"92022";"1206380500023202100001";"MANUTENCAO DE SISTEMAS DE REFRIGERACAO";"SERVIÇO CONTINUADO DE MANUTENÇÃO PREVENTIVA E CORRETIVA DAS CÂMARAS FRIGORÍFIC AS: SERVIÇO DE MANUTENÇÃO PREVENTIVA E CORRETIVA INCLUÍDOS MÃO DE OBRA E MATER IAL DE CÂMARAS FRIGORÍFICAS COM CAPACIDADE DE 19,5 A 74,5 M3, COMPOSTAS POR CO MPRESSORES MODELO MT28JE3MVE / MT44HJ3BVE,CONFORME PLANILHA DE COMPOSIÇÃO DE C USTOS";"1";"159798,00"
"26429";"Instituto Federal de Educação, Ciência e Tecn";"158433";"INST.FED.DE GOIAS/CAMPUS ITUMBIARA";"92022";"0";"Inválido";"Inválido";"2000";"0,28"
"26429";"Instituto Federal de Educação, Ciência e Tecn";"158433";"INST.FED.DE GOIAS/CAMPUS ITUMBIARA";"92022";"0";"Inválido";"Inválido";"6000";"0,28"
"26429";"Instituto Federal de Educação, Ciência e Tecn";"158433";"INST.FED.DE GOIAS/CAMPUS ITUMBIARA";"92022";"0";"Inválido";"Inválido";"500";"1,13"
"26429";"Instituto Federal de Educação, Ciência e Tecn";"158433";"INST.FED.DE GOIAS/CAMPUS ITUMBIARA";"92022";"0";"Inválido";"Inválido";"12";"450,00"
"26429";"Instituto Federal de Educação, Ciência e Tecn";"158433";"INST.FED.DE GOIAS/CAMPUS ITUMBIARA";"92022";"0";"Inválido";"Inválido";"1500";"0,37"
"26429";"Instituto Federal de Educação, Ciência e Tecn";"158433";"INST.FED.DE GOIAS/CAMPUS ITUMBIARA";"92022";"0";"Inválido";"Inválido";"1500";"0,37"
"26429";"Instituto Federal de Educação, Ciência e Tecn";"158433";"INST.FED.DE GOIAS/CAMPUS ITUMBIARA";"92022";"0";"Inválido";"Inválido";"1000";"0,37"
"26429";"Instituto Federal de Educação, Ciência e Tecn";"158433";"INST.FED.DE GOIAS/CAMPUS ITUMBIARA";"92022";"0";"Inválido";"Inválido";"1";"0,00"
"26429";"Instituto Federal de Educação, Ciência e Tecn";"158433";"INST.FED.DE GOIAS/CAMPUS ITUMBIARA";"92022";"0";"Inválido";"Inválido";"12";"505,00"
"26412";"Instituto Federal do Sul de Minas Gerais";"154811";"IFSULDEMINAS - CAMPUS POUSO ALEGRE";"102021";"0";"Inválido";"Inválido";"3";"3533,00"
"26443";"Empresa Brasileira de Serviços Hospitalares";"155901";"HOSPITAL ESCOLA DA UFPEL";"102021";"1559010500020202100001";"CONTROLE QUALIDADE - LABORATORIO";"ANÁLISE DE POTABILIDADE DA ÁGUA DAS ÁREAS INTERNAS E EXTERNAS DO HOSPITAL ESCO LA UFPEL";"60";"170,00"
"26443";"Empresa Brasileira de Serviços Hospitalares";"155901";"HOSPITAL ESCOLA DA UFPEL";"102021";"1559010500020202100006";"CONTROLE QUALIDADE - LABORATORIO";"ANÁLISE DO ESGOTO TRATADO DA ECTE (ESTAÇÃO COMPACTA DE TRATAMENTO DE ESGOTO) D O BLOCO III DO HOSPITAL ESCOLA";"6";"1500,00"
"26443";"Empresa Brasileira de Serviços Hospitalares";"155901";"HOSPITAL ESCOLA DA UFPEL";"102021";"1559010500020202100003";"CONTROLE QUALIDADE - LABORATORIO";"ANÁLISE DA ÁGUA DAS CISTERNAS DO BLOCO III DO HOSPITAL ESCOLA UFPEL";"6";"516,66"
"26443";"Empresa Brasileira de Serviços Hospitalares";"155901";"HOSPITAL ESCOLA DA UFPEL";"102021";"1559010500020202100005";"CONTROLE QUALIDADE - LABORATORIO";"ANÁLISE DOS APARELHOS DE DIÁLISE DO HOSPITAL ESCOLA UFPEL - ANÁLISE FÍSICO-QUÍ MICA";"10";"870,00"
"26443";"Empresa Brasileira de Serviços Hospitalares";"155901";"HOSPITAL ESCOLA DA UFPEL";"102021";"1559010500020202100002";"CONTROLE QUALIDADE - LABORATORIO";"ANÁLISE DA ÁGUA DA AUTOCLAVE DA CENTRAL DE MATERIAIS E ESTERILIZAÇÃO (CME) DO CENTRO CIRÚRGICO DO HOSPITAL ESCOLA UFPEL";"6";"966,66"
"26443";"Empresa Brasileira de Serviços Hospitalares";"155901";"HOSPITAL ESCOLA DA UFPEL";"102021";"1559010500020202100004";"CONTROLE QUALIDADE - LABORATORIO";"ANÁLISE DOS APARELHOS DE DIÁLISE DO HOSPITAL ESCOLA UFPEL - ANÁLISE MICROBIOLÓ GICA";"60";"335,83"
"26427";"Instituto Federal da Bahia";"158409";"INST. FED. DA BAHIA/CAMPUS VIT. DA CONQUISTA";"112020";"0";"Inválido";"Inválido";"12";"24000,00"
"26261";"Universidade Federal de Itajubá";"158161";"UNIVERSIDADE FEDERAL ITAJUBA-CAMPUS ITABIRA";"122022";"1581610500039202200001";"MANUTENCAO / REFORMA PREDIAL";"ADEQUAÇÃO DE CALÇADAS, COM LIMPEZA DE TERRENO, APLICAÇÃO DE CONCRETO, PINTURA DE FAIXAS DE PEDESTRE E SERVIÇOS ACESSÓRIOS, POR MEIO DE LICITAÇÃO. ETAPA 1.";"1";"186618,88"
"52131";"Comando da Marinha";"783330";"CAPITANIA DOS PORTOS DA PARAIBA";"142022";"7833300700014202200001";"COMUNICACAO - TELEX / TELEGRAFO";"CONTRATAÇÃO DE PRODUTOS E SERVIÇOS POR MEIO DE PACOTE DE SERVIÇOS DOS CORREIOS .";"1";"2,67"
"52121";"Comando do Exército";"160127";"4 GRUPO DE ARTILHARIA ANTIAEREA";"152021";"1601270700011202100015";"ASSISTENCIA MEDICA - HOSPITALAR / DOMICILIAR COMPLEMENTAR DESAUDE / CONVÊNIO";"ASSISTÊNCIA MÉDICA - HOSPITALAR / DOMICILIAR COMPLEMENTAR DESAÚDE / CONVÊNIO";"1";"15000,00"
"52121";"Comando do Exército";"160411";"7 BATALHAO DE INFANTARIA BLINDADO";"162021";"1604110700011202100001";"ASSISTENCIA MEDICA - HOSPITALAR / DOMICILIAR COMPLEMENTAR DESAUDE / CONVÊNIO";"SERVIÇOS DE ENDODONTIA";"1";"100000,00"
"26414";"Instituto Federal do Mato Grosso";"158950";"INST.FED.MATO GROSSO/CAMPUS SORRISO";"182022";"0";"Inválido";"Inválido";"5738";"6,57"
"52121";"Comando do Exército";"160528";"BASE ADMINISTRATIVA DO C COM G EX";"182022";"1605280500030202200001";"PLACA CONTROLADORA VÍDEO";"PLACA CONTROLADORA VÍDEO, TAMANHO MEMÓRIA 24 GB, MODELO ACELERADOR DE GPU, CARACTERÍSTICAS ADICIONAIS FUNCIONAMENTO EM CONJUNTO DE MULTIPLAS GPU, COMPATIBILIDADE WINDOWS 10, SERVER 2016 E RED HAT LINUX 7";"13";"12615,38"
"52121";"Comando do Exército";"160528";"BASE ADMINISTRATIVA DO C COM G EX";"182022";"1605280500030202200002";"PLACA CONTROLADORA VÍDEO";"PLACA CONTROLADORA VÍDEO, TAMANHO MEMÓRIA 24 GB, MODELO ACELERADOR DE GPU, CARACTERÍSTICAS ADICIONAIS FUNCIONAMENTO EM CONJUNTO DE MULTIPLAS GPU, COMPATIBILIDADE WINDOWS 10, SERVER 2016 E RED HAT LINUX 7";"8";"2498,37"
"52121";"Comando do Exército";"160116";"17º BATALHAO LOGISTICO LEVE-MONTANHA";"182022";"0";"Inválido";"Inválido";"1";"5500,00"
"52121";"Comando do Exército";"160411";"7 BATALHAO DE INFANTARIA BLINDADO";"192021";"1604110700010202100004";"ASSISTENCIA MEDICA - HOSPITALAR / DOMICILIAR COMPLEMENTAR DESAUDE / CONVÊNIO";"LABORATÓRIO DE ANÁLISES CLÍNICAS";"1";"100000,00"
"52131";"Comando da Marinha";"781312";"CAPITANIA FLUVIAL DE MINAS GERAIS";"192021";"7813120700001202100001";"FORNECIMENTO DE AGUA CANALIZADA";"FORNECIMENTO DE ÁGUA CANALIZADA";"1";"100000,00"
"52121";"Comando do Exército";"160411";"7 BATALHAO DE INFANTARIA BLINDADO";"202021";"1604110700010202100001";"ASSISTENCIA MEDICA - HOSPITALAR / DOMICILIAR COMPLEMENTAR DESAUDE / CONVÊNIO";"LABORATÓRIO DE ANÁLISES CLÍNICAS";"1";"100000,00"
"26443";"Empresa Brasileira de Serviços Hospitalares";"155007";"EMPRESA BRASILEIRA DE SERVICOS HOSPITALARES";"202022";"1550070500018202200001";"PRESTACAO DE SERVICOS DE APOIO ADMINISTRATIVO";"PRESTAÇÃO DE SERVIÇOS CONTINUADOS DE APOIO ADMINISTRATIVO E SECRETARIADO";"1";"20932172,97"
"30802";"Departamento de Polícia Rodoviária Federal";"200233";"SUPERINTENDENCIA DA PRF NO AMAPA";"212019";"0";"Inválido";"Inválido";"1";"0,00"
"52121";"Comando do Exército";"160524";"15 BATALHAO LOGISTICO";"222022";"1605240500010202200026";"MACACO HIDRÁULICO";"MACACO HIDRÁULICO, CAPACIDADE 20 T";"16";"28400,00"
"52121";"Comando do Exército";"160524";"15 BATALHAO LOGISTICO";"222022";"1605240500010202200049";"ELEVADOR HIDRÁULICO VEÍCULO";"ELEVADOR HIDRÁULICO VEÍCULO, TIPO MÓVEL, ALTURA ELEVAÇÃO 1.850 MM, CAPACIDADE CARGA 2.000 KG, COMPRIMENTO 2.400 MM, ALTURA 930 MM, ALTURA MÍNIMA 135 MM, PESO 500 KG, TEMPO LEVANTAMENTO 30 S, TIPO MOTOR 4 POLOS, VOLTAGEM 220 V, APLICAÇÃO OFICINA, TROCA ÓLEO, LAVA-RÁPIDO, FUNILARIA, SHOW, USO PISO EM NÍVEL NÃO ACIDENTADO, TIPO SISTEMA ELEVAÇÃO ACIONAMENTO HIDRÁULICO, OPCIONAIS PLATAFORMA ELEVAÇÃO CARGA E RAMPA, TIPO REGULAGEM HORIZONTAL, VERTICAL, TRANSVERSAL, LONGITUDINAL, CARACTERÍSTICAS ADICIONAIS BRAÇOS TELESCÓPICOS,ADAPTÁVEL,VEÍCULO TODAS MARCA S";"4";"2445,15"
"30802";"Departamento de Polícia Rodoviária Federal";"200112";"SUPERINTENDENCIA DA PRF NO CEARA";"232022";"0";"Inválido";"Inválido";"43";"165,00"
"30802";"Departamento de Polícia Rodoviária Federal";"200112";"SUPERINTENDENCIA DA PRF NO CEARA";"232022";"0";"Inválido";"Inválido";"68";"47,50"
"30802";"Departamento de Polícia Rodoviária Federal";"200112";"SUPERINTENDENCIA DA PRF NO CEARA";"232022";"0";"Inválido";"Inválido";"25";"190,00"
"22204";"Departamento Nacional de Obras Contra as Seca";"193008";"DNOCS - CEST/SE ARACAJU - SE";"242021";"1930080500002202100001";"DISCO DE GRADE ARADO";"DISCO DE GRADE ARADO, MATERIAL AÇO, DIÂMETRO DISCO 26 POL, ESPESSURA 6 MM, APLICAÇÃO GRADE ARADORA DE 14 DISCOS";"14";"26531,42"
"22204";"Departamento Nacional de Obras Contra as Seca";"193008";"DNOCS - CEST/SE ARACAJU - SE";"252021";"1930080500002202100005";"RETROESCAVADEIRA";"RETROESCAVADEIRA, POTÊNCIA OPERACIONAL MÁXIMA 85 HP, CAPACIDADE MÁXIMA CARREGADEIRA 0,88 M3, CAPACIDADE MÁXIMA ESCAVADEIRA 0,21 M3, VELOCIDADE MÁXIMA AVANTE 37,50 KM/H, VELOCIDADE MÁXIMA À RÉ 45 KM/H, PESO VAZIA 6.956 KG";"12";"373726,66"
"52111";"Comando da Aeronáutica";"120630";"GRUPAMENTO DE APOIO DE MANAUS";"252022";"1206300300004202200001";"SERVICO ENGENHARIA";"ADEQUAÇÃO E REFORMA DA REDE DE ESGOSTO DA BASE AÉREA DE MANAUS E GRUPAMENTO DE  MANAUS";"1";"3201947,00"
"22204";"Departamento Nacional de Obras Contra as Seca";"193008";"DNOCS - CEST/SE ARACAJU - SE";"262021";"1930080500004202100001";"CONJUNTO FORRAGEIRO";"CONJUNTO FORRAGEIRO, MATERIAL ESTRUTURA FERRO, TIPO DESINTEGRADOR E PICADOR, COMPONENTES MOTOR MONOFÁSICO 2CV E 4 PÓLOS, BASE, CORREIA E P O, CAPACIDADE PRODUÇÃO 200 A 300 KG/H";"200";"2449,36"
"52111";"Comando da Aeronáutica";"120006";"GRUPAMENTO DE APOIO DE BRASILIA";"262022";"1200060500055202200006";"MANUTENCAO / REFORMA PREDIAL";"SERVIÇOS RELACIONADOS A IMPERMEABILIZAÇÃO E TELHADO, SEM DEDICAÇÃO EXCLUSIVA D E MÃO DE OBRA, COM FORNECIMENTO DE MATERIAL";"1";"177433,70"
"52121";"Comando do Exército";"160524";"15 BATALHAO LOGISTICO";"272022";"1605240700003202200015";"PEÇAS / ACESSÓRIOS ARMAMENTO";"PEÇAS / ACESSÓRIOS ARMAMENTO, MATERIAL XENOY, APLICAÇÃO CARABINA, CARACTERÍSTICAS ADICIONAIS COR PRETA, TIPO 1 CORONHA REBATÍVEL";"5";"10,62"
"52121";"Comando do Exército";"160524";"15 BATALHAO LOGISTICO";"272022";"1605240700003202200016";"PEÇAS / ACESSÓRIOS ARMAMENTO";"PEÇAS / ACESSÓRIOS ARMAMENTO, MATERIAL XENOY, APLICAÇÃO CARABINA, CARACTERÍSTICAS ADICIONAIS COR PRETA, TIPO 1 CORONHA REBATÍVEL";"20";"65,65"
"52121";"Comando do Exército";"160524";"15 BATALHAO LOGISTICO";"272022";"1605240700003202200001";"PEÇAS / ACESSÓRIOS ARMAMENTO";"PEÇAS / ACESSÓRIOS ARMAMENTO, MATERIAL ARAME, APLICAÇÃO CARABINA, TIPO 1 MOLA DO EIXO DA TECLA";"8";"47,00"
"52121";"Comando do Exército";"160524";"15 BATALHAO LOGISTICO";"272022";"1605240700003202200008";"PEÇAS / ACESSÓRIOS ARMAMENTO";"PEÇAS / ACESSÓRIOS ARMAMENTO, MATERIAL XENOY, APLICAÇÃO CARABINA, CARACTERÍSTICAS ADICIONAIS COR PRETA, TIPO 1 CORONHA REBATÍVEL";"4";"79,87"
"52121";"Comando do Exército";"160524";"15 BATALHAO LOGISTICO";"272022";"1605240700003202200006";"PEÇAS / ACESSÓRIOS ARMAMENTO";"PEÇAS / ACESSÓRIOS ARMAMENTO, MATERIAL XENOY, APLICAÇÃO CARABINA, CARACTERÍSTICAS ADICIONAIS COR PRETA, TIPO 1 CORONHA REBATÍVEL";"8";"67,83"
"52121";"Comando do Exército";"160524";"15 BATALHAO LOGISTICO";"272022";"1605240700003202200018";"PEÇAS / ACESSÓRIOS ARMAMENTO";"PEÇAS / ACESSÓRIOS ARMAMENTO, MATERIAL XENOY, APLICAÇÃO CARABINA, CARACTERÍSTICAS ADICIONAIS COR PRETA, TIPO 1 CORONHA REBATÍVEL";"20";"103,27"
"52121";"Comando do Exército";"160524";"15 BATALHAO LOGISTICO";"272022";"1605240700003202200034";"PEÇAS / ACESSÓRIOS ARMAMENTO";"PEÇAS / ACESSÓRIOS ARMAMENTO, MATERIAL ARAME, APLICAÇÃO CARABINA, TIPO 1 MOLA DO EIXO DA TECLA";"6";"11,59"
"52121";"Comando do Exército";"160524";"15 BATALHAO LOGISTICO";"272022";"1605240700003202200012";"PEÇAS / ACESSÓRIOS ARMAMENTO";"PEÇAS / ACESSÓRIOS ARMAMENTO, MATERIAL XENOY, APLICAÇÃO CARABINA, CARACTERÍSTICAS ADICIONAIS COR PRETA, TIPO 1 CORONHA REBATÍVEL";"8";"59,27"
"52121";"Comando do Exército";"160524";"15 BATALHAO LOGISTICO";"272022";"1605240700003202200027";"PEÇAS / ACESSÓRIOS ARMAMENTO";"PEÇAS / ACESSÓRIOS ARMAMENTO, MATERIAL XENOY, APLICAÇÃO CARABINA, CARACTERÍSTICAS ADICIONAIS COR PRETA, TIPO 1 CORONHA REBATÍVEL";"2";"456,07"
"52121";"Comando do Exército";"160524";"15 BATALHAO LOGISTICO";"272022";"1605240700003202200004";"PEÇAS / ACESSÓRIOS ARMAMENTO";"PEÇAS / ACESSÓRIOS ARMAMENTO, MATERIAL XENOY, APLICAÇÃO CARABINA, CARACTERÍSTICAS ADICIONAIS COR PRETA, TIPO 1 CORONHA REBATÍVEL";"16";"3,08"
"52121";"Comando do Exército";"160524";"15 BATALHAO LOGISTICO";"272022";"1605240700003202200005";"PEÇAS / ACESSÓRIOS ARMAMENTO";"PEÇAS / ACESSÓRIOS ARMAMENTO, MATERIAL ARAME, APLICAÇÃO CARABINA, TIPO 1 MOLA DO EIXO DA TECLA";"10";"2,32"
"52121";"Comando do Exército";"160524";"15 BATALHAO LOGISTICO";"272022";"1605240700003202200017";"PEÇAS / ACESSÓRIOS ARMAMENTO";"PEÇAS / ACESSÓRIOS ARMAMENTO, MATERIAL XENOY, APLICAÇÃO CARABINA, CARACTERÍSTICAS ADICIONAIS COR PRETA, TIPO 1 CORONHA REBATÍVEL";"20";"71,11"
"52121";"Comando do Exército";"160524";"15 BATALHAO LOGISTICO";"272022";"1605240700003202200022";"PEÇAS / ACESSÓRIOS ARMAMENTO";"PEÇAS / ACESSÓRIOS ARMAMENTO, MATERIAL XENOY, APLICAÇÃO CARABINA, CARACTERÍSTICAS ADICIONAIS COR PRETA, TIPO 1 CORONHA REBATÍVEL";"3";"740,37"
"52121";"Comando do Exército";"160524";"15 BATALHAO LOGISTICO";"272022";"1605240700003202200003";"PEÇAS / ACESSÓRIOS ARMAMENTO";"PEÇAS / ACESSÓRIOS ARMAMENTO, MATERIAL ARAME, APLICAÇÃO CARABINA, TIPO 1 MOLA DO EIXO DA TECLA";"10";"1,51"
"52121";"Comando do Exército";"160524";"15 BATALHAO LOGISTICO";"272022";"1605240700003202200032";"PEÇAS / ACESSÓRIOS ARMAMENTO";"PEÇAS / ACESSÓRIOS ARMAMENTO, MATERIAL XENOY, APLICAÇÃO CARABINA, CARACTERÍSTICAS ADICIONAIS COR PRETA, TIPO 1 CORONHA REBATÍVEL";"6";"6,28"
"52121";"Comando do Exército";"160524";"15 BATALHAO LOGISTICO";"272022";"1605240700003202200009";"PEÇAS / ACESSÓRIOS ARMAMENTO";"PEÇAS / ACESSÓRIOS ARMAMENTO, MATERIAL ARAME, APLICAÇÃO CARABINA, TIPO 1 MOLA DO EIXO DA TECLA";"8";"6,28"
"52121";"Comando do Exército";"160524";"15 BATALHAO LOGISTICO";"272022";"1605240700003202200024";"PEÇAS / ACESSÓRIOS ARMAMENTO";"PEÇAS / ACESSÓRIOS ARMAMENTO, MATERIAL XENOY, APLICAÇÃO CARABINA, CARACTERÍSTICAS ADICIONAIS COR PRETA, TIPO 1 CORONHA REBATÍVEL";"2";"251,68"
"52121";"Comando do Exército";"160524";"15 BATALHAO LOGISTICO";"272022";"1605240700003202200031";"PEÇAS / ACESSÓRIOS ARMAMENTO";"PEÇAS / ACESSÓRIOS ARMAMENTO, MATERIAL XENOY, APLICAÇÃO CARABINA, CARACTERÍSTICAS ADICIONAIS COR PRETA, TIPO 1 CORONHA REBATÍVEL";"6";"12,84"
"52121";"Comando do Exército";"160524";"15 BATALHAO LOGISTICO";"272022";"1605240700003202200007";"PEÇAS / ACESSÓRIOS ARMAMENTO";"PEÇAS / ACESSÓRIOS ARMAMENTO, MATERIAL XENOY, APLICAÇÃO CARABINA, CARACTERÍSTICAS ADICIONAIS COR PRETA, TIPO 1 CORONHA REBATÍVEL";"4";"32,18"
"52121";"Comando do Exército";"160524";"15 BATALHAO LOGISTICO";"272022";"1605240700003202200014";"PEÇAS / ACESSÓRIOS ARMAMENTO";"PEÇAS / ACESSÓRIOS ARMAMENTO, MATERIAL XENOY, APLICAÇÃO CARABINA, CARACTERÍSTICAS ADICIONAIS COR PRETA, TIPO 1 CORONHA REBATÍVEL";"5";"11,66"
"52121";"Comando do Exército";"160524";"15 BATALHAO LOGISTICO";"272022";"1605240700003202200030";"PEÇAS / ACESSÓRIOS ARMAMENTO";"PEÇAS / ACESSÓRIOS ARMAMENTO, MATERIAL XENOY, APLICAÇÃO CARABINA, CARACTERÍSTICAS ADICIONAIS COR PRETA, TIPO 1 CORONHA REBATÍVEL";"2";"179,43"
"52121";"Comando do Exército";"160524";"15 BATALHAO LOGISTICO";"272022";"1605240700003202200019";"PEÇAS / ACESSÓRIOS ARMAMENTO";"PEÇAS / ACESSÓRIOS ARMAMENTO, MATERIAL XENOY, APLICAÇÃO CARABINA, CARACTERÍSTICAS ADICIONAIS COR PRETA, TIPO 1 CORONHA REBATÍVEL";"20";"1,51"
"52121";"Comando do Exército";"160524";"15 BATALHAO LOGISTICO";"272022";"1605240700003202200025";"PEÇAS / ACESSÓRIOS ARMAMENTO";"PEÇAS / ACESSÓRIOS ARMAMENTO, MATERIAL XENOY, APLICAÇÃO CARABINA, CARACTERÍSTICAS ADICIONAIS COR PRETA, TIPO 1 CORONHA REBATÍVEL";"2";"17,49"
"52121";"Comando do Exército";"160524";"15 BATALHAO LOGISTICO";"272022";"1605240700003202200011";"PEÇAS / ACESSÓRIOS ARMAMENTO";"PEÇAS / ACESSÓRIOS ARMAMENTO, MATERIAL ARAME, APLICAÇÃO CARABINA, TIPO 1 MOLA DO EIXO DA TECLA";"4";"4,02"
"52121";"Comando do Exército";"160524";"15 BATALHAO LOGISTICO";"272022";"1605240700003202200028";"PEÇAS / ACESSÓRIOS ARMAMENTO";"PEÇAS / ACESSÓRIOS ARMAMENTO, MATERIAL XENOY, APLICAÇÃO CARABINA, CARACTERÍSTICAS ADICIONAIS COR PRETA, TIPO 1 CORONHA REBATÍVEL";"2";"35,39"
"52121";"Comando do Exército";"160524";"15 BATALHAO LOGISTICO";"272022";"1605240700003202200023";"PEÇAS / ACESSÓRIOS ARMAMENTO";"PEÇAS / ACESSÓRIOS ARMAMENTO, MATERIAL XENOY, APLICAÇÃO CARABINA, CARACTERÍSTICAS ADICIONAIS COR PRETA, TIPO 1 CORONHA REBATÍVEL";"3";"419,35"
"52121";"Comando do Exército";"160524";"15 BATALHAO LOGISTICO";"272022";"1605240700003202200033";"PEÇAS / ACESSÓRIOS ARMAMENTO";"PEÇAS / ACESSÓRIOS ARMAMENTO, MATERIAL XENOY, APLICAÇÃO CARABINA, CARACTERÍSTICAS ADICIONAIS COR PRETA, TIPO 1 CORONHA REBATÍVEL";"6";"6,00"
"52121";"Comando do Exército";"160524";"15 BATALHAO LOGISTICO";"272022";"1605240700003202200020";"PEÇAS / ACESSÓRIOS ARMAMENTO";"PEÇAS / ACESSÓRIOS ARMAMENTO, MATERIAL XENOY, APLICAÇÃO CARABINA, CARACTERÍSTICAS ADICIONAIS COR PRETA, TIPO 1 CORONHA REBATÍVEL";"10";"1,49"
"52121";"Comando do Exército";"160524";"15 BATALHAO LOGISTICO";"272022";"1605240700003202200013";"PEÇAS / ACESSÓRIOS ARMAMENTO";"PEÇAS / ACESSÓRIOS ARMAMENTO, MATERIAL XENOY, APLICAÇÃO CARABINA, CARACTERÍSTICAS ADICIONAIS COR PRETA, TIPO 1 CORONHA REBATÍVEL";"3";"57,06"
"52121";"Comando do Exército";"160524";"15 BATALHAO LOGISTICO";"272022";"1605240700003202200002";"PEÇAS / ACESSÓRIOS ARMAMENTO";"PEÇAS / ACESSÓRIOS ARMAMENTO, MATERIAL ARAME, APLICAÇÃO CARABINA, TIPO 1 MOLA DO EIXO DA TECLA";"5";"17,29"
"52121";"Comando do Exército";"160524";"15 BATALHAO LOGISTICO";"272022";"1605240700003202200021";"PEÇAS / ACESSÓRIOS ARMAMENTO";"PEÇAS / ACESSÓRIOS ARMAMENTO, MATERIAL XENOY, APLICAÇÃO CARABINA, CARACTERÍSTICAS ADICIONAIS COR PRETA, TIPO 1 CORONHA REBATÍVEL";"10";"3,08"
"52121";"Comando do Exército";"160524";"15 BATALHAO LOGISTICO";"272022";"1605240700003202200010";"PEÇAS / ACESSÓRIOS ARMAMENTO";"PEÇAS / ACESSÓRIOS ARMAMENTO, MATERIAL XENOY, APLICAÇÃO CARABINA, CARACTERÍSTICAS ADICIONAIS COR PRETA, TIPO 1 CORONHA REBATÍVEL";"5";"114,01"
"52121";"Comando do Exército";"160524";"15 BATALHAO LOGISTICO";"272022";"1605240700003202200029";"PEÇAS / ACESSÓRIOS ARMAMENTO";"PEÇAS / ACESSÓRIOS ARMAMENTO, MATERIAL XENOY, APLICAÇÃO CARABINA, CARACTERÍSTICAS ADICIONAIS COR PRETA, TIPO 1 CORONHA REBATÍVEL";"2";"140,91"
"52121";"Comando do Exército";"160524";"15 BATALHAO LOGISTICO";"272022";"1605240700003202200026";"PEÇAS / ACESSÓRIOS ARMAMENTO";"PEÇAS / ACESSÓRIOS ARMAMENTO, MATERIAL XENOY, APLICAÇÃO CARABINA, CARACTERÍSTICAS ADICIONAIS COR PRETA, TIPO 1 CORONHA REBATÍVEL";"2";"3,08"
"26443";"Empresa Brasileira de Serviços Hospitalares";"155015";"MATERNIDADE ESCOLA JANUARIO CICCO";"282022";"0";"Inválido";"Inválido";"237";"63,86"
"26443";"Empresa Brasileira de Serviços Hospitalares";"155015";"MATERNIDADE ESCOLA JANUARIO CICCO";"282022";"0";"Inválido";"Inválido";"52";"12,03"
"26443";"Empresa Brasileira de Serviços Hospitalares";"155015";"MATERNIDADE ESCOLA JANUARIO CICCO";"282022";"0";"Inválido";"Inválido";"2000";"9,00"
"26443";"Empresa Brasileira de Serviços Hospitalares";"155015";"MATERNIDADE ESCOLA JANUARIO CICCO";"282022";"0";"Inválido";"Inválido";"364";"8,72"
"26443";"Empresa Brasileira de Serviços Hospitalares";"155015";"MATERNIDADE ESCOLA JANUARIO CICCO";"282022";"0";"Inválido";"Inválido";"10000";"2,95"
"26443";"Empresa Brasileira de Serviços Hospitalares";"155015";"MATERNIDADE ESCOLA JANUARIO CICCO";"282022";"0";"Inválido";"Inválido";"85";"19,26"
"26443";"Empresa Brasileira de Serviços Hospitalares";"155015";"MATERNIDADE ESCOLA JANUARIO CICCO";"282022";"0";"Inválido";"Inválido";"15000";"15,84"
"26443";"Empresa Brasileira de Serviços Hospitalares";"155015";"MATERNIDADE ESCOLA JANUARIO CICCO";"282022";"0";"Inválido";"Inválido";"52";"20,17"
"26443";"Empresa Brasileira de Serviços Hospitalares";"155015";"MATERNIDADE ESCOLA JANUARIO CICCO";"282022";"0";"Inválido";"Inválido";"12100";"12,29"
"26443";"Empresa Brasileira de Serviços Hospitalares";"155015";"MATERNIDADE ESCOLA JANUARIO CICCO";"282022";"0";"Inválido";"Inválido";"52";"16,07"
"26443";"Empresa Brasileira de Serviços Hospitalares";"155015";"MATERNIDADE ESCOLA JANUARIO CICCO";"282022";"0";"Inválido";"Inválido";"123";"5,11"
"26443";"Empresa Brasileira de Serviços Hospitalares";"155015";"MATERNIDADE ESCOLA JANUARIO CICCO";"282022";"0";"Inválido";"Inválido";"52";"6,83"
"26443";"Empresa Brasileira de Serviços Hospitalares";"155015";"MATERNIDADE ESCOLA JANUARIO CICCO";"282022";"0";"Inválido";"Inválido";"12100";"14,29"
"26443";"Empresa Brasileira de Serviços Hospitalares";"155015";"MATERNIDADE ESCOLA JANUARIO CICCO";"282022";"0";"Inválido";"Inválido";"364";"3,02"
"26443";"Empresa Brasileira de Serviços Hospitalares";"155015";"MATERNIDADE ESCOLA JANUARIO CICCO";"282022";"0";"Inválido";"Inválido";"200";"5,11"
"26443";"Empresa Brasileira de Serviços Hospitalares";"155015";"MATERNIDADE ESCOLA JANUARIO CICCO";"282022";"0";"Inválido";"Inválido";"52";"5,90"
"26443";"Empresa Brasileira de Serviços Hospitalares";"155015";"MATERNIDADE ESCOLA JANUARIO CICCO";"282022";"0";"Inválido";"Inválido";"136";"5,11"
"26443";"Empresa Brasileira de Serviços Hospitalares";"155015";"MATERNIDADE ESCOLA JANUARIO CICCO";"282022";"0";"Inválido";"Inválido";"52";"33,27"
"26443";"Empresa Brasileira de Serviços Hospitalares";"155015";"MATERNIDADE ESCOLA JANUARIO CICCO";"282022";"0";"Inválido";"Inválido";"544";"20,80"
"26443";"Empresa Brasileira de Serviços Hospitalares";"155015";"MATERNIDADE ESCOLA JANUARIO CICCO";"282022";"0";"Inválido";"Inválido";"234";"12,60"
"26443";"Empresa Brasileira de Serviços Hospitalares";"155015";"MATERNIDADE ESCOLA JANUARIO CICCO";"282022";"0";"Inválido";"Inválido";"52";"12,03"
"26443";"Empresa Brasileira de Serviços Hospitalares";"155015";"MATERNIDADE ESCOLA JANUARIO CICCO";"282022";"0";"Inválido";"Inválido";"12100";"39,76"
"52121";"Comando do Exército";"160524";"15 BATALHAO LOGISTICO";"292022";"1605240500010202200012";"CINTA SUSPENSÃO CARGA";"CINTA SUSPENSÃO CARGA, MATERIAL POLIÉSTER, COMPRIMENTO 2 M, LARGURA 6 CM, CAPACIDADE 2.000 KG, APLICAÇÃO SUSPENSÃO E AMARRAÇÃO DE CARGAS, CARACTERÍSTICAS ADICIONAIS TIPO SLING CORPO DUPLO";"8";"580,75"
"52121";"Comando do Exército";"160524";"15 BATALHAO LOGISTICO";"292022";"1605240500010202200037";"PEÇAS / ACESSÓRIOS EQUIPAMENTOS ESPECIALIZADOS";"PEÇAS / ACESSÓRIOS EQUIPAMENTOS ESPECIALIZADOS, TIPO 1 CAVALETE, APLICAÇÃO 3 BALANÇA MECÂNICA TIPO L FILIZOLA";"4";"2819,96"
"52111";"Comando da Aeronáutica";"120060";"ACADEMIA DA FORCA AEREA";"302022";"1200600500012202200001";"DESINSETIZACAO / DESRATIZACAO / DEDETIZACAO";"SERVIÇO DE DESINSETIZAÇÃO E DESRATIZAÇÃO DAS INSTALAÇÕES DO HOSPITAL, ODONTOCL INICA E FISIOTERAPIA DA AFA, INCLUINDO TODAS AS SALAS DE CONSULTA, BANHEIROS, ÁREA DE INTERNAÇÃO, SALAS CIRÚRGICAS, FARMÁCIA, E TODAS AS DEPENDÊNCIAS ADJACE NTES, ÁREA DE SERVIÇO, ALMOXARIFADO, SUBSOLO, TÚNEIS DE VENTILAÇÃO, REDES DE E SGOTO E ÁGUAS PLUVIAIS, UTILIZANDO O MANEJO INTEGRADO DE PRAGAS URBANAS (MIPU) . O SERVIÇO DEVERÁ SER REALIZADO MENSALMENTE POR UM PERÍODO DE 12 MESES. A EMP RESA DEVERÁ ESTAR DEVIDAMENTE LICENCIADA JUNTO À AUTORIDADE SANITÁRIA E AMBIEN TAL COMPETENTE, E  OBEDECER AOS CRITÉRIOS ESTABELECIDOS PELA RDC Nº 52 DE 22 D E OUTUBRO DE 2009.  - ÁREA TOTAL ODONTOCLINICA, HOSPITAL E FISIOTERAPIA: 3.685  M².";"1";"498,33"
"26424";"Instituto Federal do Tocantins";"158131";"INST.FED.DE EDUC.,CIENC.E TEC.DO TOCANTINS";"302022";"1581310500035202200001";"FORNECIMENTO DE REFEICOES / LANCHES / SALGADOS / DOCES";"FORNECIMENTO ONEROSO DE LANCHE À COMUNIDADE ACADÊMICA DO CAMPUS GURUPI DO IFTO , MEDIANTE CONCESSÃO DE ESPAÇO PÚBLICO COM ÁREA DE 27,37  M² PARA EXPLORAÇÃO D E ATIVIDADE ECONÔMICA DE LANCHONETE.";"1";"207,31"
"52121";"Comando do Exército";"160524";"15 BATALHAO LOGISTICO";"312022";"1605240500001202200001";"MOBILIÁRIO - VEÍCULO AUTOMOTIVO";"AQUISIÇÃO DE PEÇAS, CONSUMÍVEIS, ACESSÓRIOS, FERRAMENTAS ESPECÍFICOS E INSUMOS  GENUÍNOS DA MARCA/FABRICANTE IVECO PARA A MANUTENÇÃO DA VBTP 6X6   MSR GUARAN I, COM MAIOR DESCONTO NA TABELA DA FABRICANTE.";"119164";"1,00"
"52111";"Comando da Aeronáutica";"120645";"GRUPAMENTO DE APOIO DO GALEAO";"312022";"1206450500004202100001";"MANUTENCAO / REFORMA PREDIAL";"ELETRODUTO FLEXÍVEL CORRUGADO, PVC, DN 32 MM (1'), PARA CIRCUITOS TERMINAIS, I NSTALADO EM FORRO - FORNECIMENTO E INSTALAÇÃO. AF_12/2015";"1";"46504,50"
"30802";"Departamento de Polícia Rodoviária Federal";"200115";"SUPERINTENDENCIA DA PRF EM MINAS GERAIS";"342021";"2001150500008202100001";"MANUTENCAO / REFORMA PREDIAL";"MANUTENÇÃO , REFORMA PREDIAL";"0";"1327463,27"
"22204";"Departamento Nacional de Obras Contra as Seca";"193008";"DNOCS - CEST/SE ARACAJU - SE";"382021";"1930080500002202100001";"DISCO DE GRADE ARADO";"DISCO DE GRADE ARADO, MATERIAL AÇO, DIÂMETRO DISCO 26 POL, ESPESSURA 6 MM, APLICAÇÃO GRADE ARADORA DE 14 DISCOS";"1";"26531,42"
"22204";"Departamento Nacional de Obras Contra as Seca";"193008";"DNOCS - CEST/SE ARACAJU - SE";"392021";"1930080500002202100003";"TRATOR";"TRATOR, POTÊNCIA MÍNIMA 75 CV, QUANTIDADE MARCHAS RÉ MÍNIMO 2 UN, QUANTIDADE MARCHAS FRENTE MÍNIMO 6 UN, TRAÇÃO 4X4, TIPO DIREÇÃO HIDRÁULICA/HIDROSTÁTICA, TIPO USO AGRÍCOLA, CARACTERÍSTICAS ADICIONAIS COM TOMADA DE FORÇA; CAIXA DE FERRAMENTA; CHAVE D E";"1";"180000,00"
"37000";"Controladoria-Geral da União - Unidades com v";"370003";"COORD-GERAL DE LICITACAO,CONTR.E DOCUMENTACAO";"402021";"3700030500007202100016";"FONTE ALIMENTAÇÃO ININTERRUPTA";"FONTE ALIMENTAÇÃO ININTERRUPTA, CAPACIDADE 5 KVA, TENSÃO ENTRADA 127/220 V, FREQUÊNCIA 60 +/-5% HZ, NÚMERO DE FASES MONOFÁSICO, DISTORÇÃO HARMÔNICA 5%";"2";"28900,00"
"37000";"Controladoria-Geral da União - Unidades com v";"370003";"COORD-GERAL DE LICITACAO,CONTR.E DOCUMENTACAO";"402021";"3700030500007202100009";"FONTE ALIMENTAÇÃO ININTERRUPTA";"FONTE ALIMENTAÇÃO ININTERRUPTA, CAPACIDADE 5 KVA, TENSÃO ENTRADA 127/220 V, FREQUÊNCIA 60 +/-5% HZ, NÚMERO DE FASES MONOFÁSICO, DISTORÇÃO HARMÔNICA 5%";"3";"21000,00"
"37000";"Controladoria-Geral da União - Unidades com v";"370003";"COORD-GERAL DE LICITACAO,CONTR.E DOCUMENTACAO";"402021";"3700030500007202100014";"FONTE ALIMENTAÇÃO ININTERRUPTA";"FONTE ALIMENTAÇÃO ININTERRUPTA, CAPACIDADE 160 KVA";"1";"370000,00"
"37000";"Controladoria-Geral da União - Unidades com v";"370003";"COORD-GERAL DE LICITACAO,CONTR.E DOCUMENTACAO";"402021";"3700030500007202100018";"FONTE ALIMENTAÇÃO ININTERRUPTA";"FONTE ALIMENTAÇÃO ININTERRUPTA, TIPO DUPLA CONVERSÃO, TENSÃO ENTRADA 220 V, TENSÃO SAÍDA 220 V, TIPO ONDA SENOIDAL PURA, POTÊNCIA SAÍDA 12000 W, CAPACIDADE NOMINAL 15 KVA";"3";"55000,00"
"37000";"Controladoria-Geral da União - Unidades com v";"370003";"COORD-GERAL DE LICITACAO,CONTR.E DOCUMENTACAO";"402021";"3700030500007202100017";"FONTE ALIMENTAÇÃO ININTERRUPTA";"FONTE ALIMENTAÇÃO ININTERRUPTA, AUTONOMIA BATERIA DE 30 MINUTOS, CAPACIDADE NOMINAL 8 KVA";"1";"29800,00"
"37000";"Controladoria-Geral da União - Unidades com v";"370003";"COORD-GERAL DE LICITACAO,CONTR.E DOCUMENTACAO";"402021";"3700030500007202100011";"FONTE ALIMENTAÇÃO ININTERRUPTA";"FONTE ALIMENTAÇÃO ININTERRUPTA, TENSÃO ENTRADA 380 VCA, TENSÃO SAÍDA 220 VCA, NÚMERO DE FASES TRIFÁSICO, CAPACIDADE NOMINAL 20 KVA";"1";"55000,00"
"37000";"Controladoria-Geral da União - Unidades com v";"370003";"COORD-GERAL DE LICITACAO,CONTR.E DOCUMENTACAO";"402021";"3700030500007202100010";"FONTE ALIMENTAÇÃO ININTERRUPTA";"FONTE ALIMENTAÇÃO ININTERRUPTA, TIPO DUPLA CONVERSÃO, TENSÃO ENTRADA 220 V, TENSÃO SAÍDA 220 V, TIPO ONDA SENOIDAL PURA, POTÊNCIA SAÍDA 12000 W, CAPACIDADE NOMINAL 15 KVA";"3";"54500,00"
"37000";"Controladoria-Geral da União - Unidades com v";"370003";"COORD-GERAL DE LICITACAO,CONTR.E DOCUMENTACAO";"402021";"3700030500007202100015";"FONTE ALIMENTAÇÃO ININTERRUPTA";"FONTE ALIMENTAÇÃO ININTERRUPTA, TENSÃO ENTRADA 110/220 V, TENSÃO SAÍDA 110/ 220 V, CARACTERÍSTICAS ADICIONAIS ON-LINE DUPLA CONVERSÃO/AUTONOMIA DE 30 MINUTOS E M, TIPO ONDA SENOIDAL, VARIAÇÃO ENTRADA 5%, APLICAÇÃO UTILIZAÇÃO EM SERVIDORES DO COREN-MT, CAPACIDADE NOMINAL 3 KVA, COMPONENTES 8 TOMADAS DE SAÍDA";"4";"14800,01"
"26420";"Instituto Federal Farroupilha";"158503";"INSTITUTO FEDERAL FARROUPILH CAMPUS SAO BORJA";"412022";"0";"Inválido";"Inválido";"30";"7439,48"
"26420";"Instituto Federal Farroupilha";"158503";"INSTITUTO FEDERAL FARROUPILH CAMPUS SAO BORJA";"412022";"0";"Inválido";"Inválido";"30";"6089,74"
"26443";"Empresa Brasileira de Serviços Hospitalares";"155012";"HOSP UNIVERSITARIO CASSIANO ANTONIO DE MORAES";"422020";"1550120500006202000035";"MEIO DE CULTURA";"MEIO DE CULTURA, TIPO CALDO VERDE BRILHANTE 2%, APRESENTAÇÃO PÓ";"685";"6,20"
"26443";"Empresa Brasileira de Serviços Hospitalares";"155012";"HOSP UNIVERSITARIO CASSIANO ANTONIO DE MORAES";"422020";"1550120500006202000032";"MEIO DE CULTURA";"MEIO DE CULTURA, TIPO CALDO TETRATIONATO, APRESENTAÇÃO PÓ";"685";"35,00"
"26443";"Empresa Brasileira de Serviços Hospitalares";"155012";"HOSP UNIVERSITARIO CASSIANO ANTONIO DE MORAES";"422020";"1550120500006202000043";"DULCITOL";"DULCITOL, ASPECTO FÍSICO PÓ BRANCO, FÓRMULA QUÍMICA C6H14O6, PESO MOLECULAR 182,17 G/MOL, PUREZA MÍNIMA MÍNIMO DE 99%, NÚMERO DE REFERÊNCIA QUÍMICA CAS 608-66-2";"685";"3,20"
"26443";"Empresa Brasileira de Serviços Hospitalares";"155012";"HOSP UNIVERSITARIO CASSIANO ANTONIO DE MORAES";"422020";"1550120500006202000038";"MEIO DE CULTURA.";"MEIO DE CULTURA., TIPO CALDO VERDE BRILHANTE BILE LACTOSE, ASPECTO FÍSICO PÓ";"685";"10,00"
"26443";"Empresa Brasileira de Serviços Hospitalares";"155012";"HOSP UNIVERSITARIO CASSIANO ANTONIO DE MORAES";"422020";"1550120500006202000036";"MEIO DE CULTURA";"MEIO DE CULTURA, TIPO CALDO MUELLER HINTON, APRESENTAÇÃO PÓ";"685";"6,20"
"26443";"Empresa Brasileira de Serviços Hospitalares";"155012";"HOSP UNIVERSITARIO CASSIANO ANTONIO DE MORAES";"422020";"1550120500006202000037";"MEIO DE CULTURA.";"MEIO DE CULTURA., TIPO CALDO VERDE BRILHANTE BILE LACTOSE, ASPECTO FÍSICO PÓ";"685";"4,20"
"26443";"Empresa Brasileira de Serviços Hospitalares";"155012";"HOSP UNIVERSITARIO CASSIANO ANTONIO DE MORAES";"422020";"1550120500006202000033";"MEIO DE CULTURA.";"MEIO DE CULTURA., TIPO CALDO VERMELHO DE FENOL, ASPECTO FÍSICO PÓ";"90";"10,20"
"26443";"Empresa Brasileira de Serviços Hospitalares";"155012";"HOSP UNIVERSITARIO CASSIANO ANTONIO DE MORAES";"422020";"1550120500006202000031";"MEIO DE CULTURA";"MEIO DE CULTURA, TIPO ÁGAR INFUSO DE CÉREBRO E CORAÇÃO (BHI), APRESENTAÇÃO PÓ";"685";"0,20"
"26443";"Empresa Brasileira de Serviços Hospitalares";"155012";"HOSP UNIVERSITARIO CASSIANO ANTONIO DE MORAES";"422020";"1550120500006202000026";"MEIO DE CULTURA";"MEIO DE CULTURA, TIPO ÁGAR URÉIA DE CHRISTENSEN, APRESENTAÇÃO PÓ";"685";"0,60"
"26443";"Empresa Brasileira de Serviços Hospitalares";"155012";"HOSP UNIVERSITARIO CASSIANO ANTONIO DE MORAES";"422020";"1550120500006202000040";"MEIO DE CULTURA";"MEIO DE CULTURA, TIPO ÁGAR THAYER-MARTIN, APRESENTAÇÃO PÓ";"685";"3,20"
"26443";"Empresa Brasileira de Serviços Hospitalares";"155012";"HOSP UNIVERSITARIO CASSIANO ANTONIO DE MORAES";"422020";"1550120500006202000042";"N-ACETIL-L-CISTEÍNA";"N-ACETIL-L-CISTEÍNA, ASPECTO FÍSICO PÓ BRANCO, FÓRMULA QUÍMICA HSCH2CH(NHCOCH3)CO2H, PESO MOLECULAR 163,1 G/MOL, GRAU DE PUREZA MÍNIMO DE 99% , NÚMERO DE REFERÊNCIA QUÍMICA CAS 616-91-1";"685";"3,20"
"26443";"Empresa Brasileira de Serviços Hospitalares";"155012";"HOSP UNIVERSITARIO CASSIANO ANTONIO DE MORAES";"422020";"1550120500006202000034";"MEIO DE CULTURA";"MEIO DE CULTURA, TIPO CALDO MR-VP, APRESENTAÇÃO PÓ";"685";"18,00"
"26443";"Empresa Brasileira de Serviços Hospitalares";"155012";"HOSP UNIVERSITARIO CASSIANO ANTONIO DE MORAES";"422020";"1550120500006202000045";"RAMNOSE";"RAMNOSE, ASPECTO FÍSICO PÓ BRANCO, FÓRMULA QUÍMICA C6H12O5 X H2O (MONOHIDRATADO), PESO MOLECULAR 182,17 G/MOL, PUREZA MÍNIMA MÍNIMO DE 99%, NÚMERO DE REFERÊNCIA QUÍMICA CAS 10030-85-0";"685";"10,50"
"52121";"Comando do Exército";"160116";"17º BATALHAO LOGISTICO LEVE-MONTANHA";"432022";"1601160500011202100041";"MANUTENCAO DE VEICULOS LEVES / PESADOS";"CONTRATAÇÃO DE EMPRESA ESPECIALIZADA PARA A PRESTAÇÃO DE SERVIÇOS DE MANUTENÇÃ O PREVENTIVA, CORRETIVA, PREDITIVA E ASSISTÊNCIA TÉCNICA PARA OS VEÍCULOS  IVE CO, LINHA PESADA, MODELO: TODOS, ANOS: TODOS, COMPREENDENDO: MECÂNICA, ELÉTRIC A E LANTERNAGEM EM GERAL, FUNILARIA, BORRACHARIA, VIDRAÇARIA, CAPOTARIA, TAPEÇ ARIA E PINTURA. (MÃO DE OBRA/HORA R$).";"29";"277,05"
"26237";"Universidade Federal de Juiz de Fora";"153061";"UNIVERSIDADE FEDERAL DE JUIZ DE FORA";"462019";"1530610700057201900001";"MANUTENCAO DE APARELHO DE RAIO - X";"MANUTENÇÃO DE APARELHO TOMÓGRAFO COMPUTADORIZADO DE FEIXE CÔNICO, MARCA I-CAT®  IMAGING SCIENCES INTERNATIONAL (HATFIELD, PENSILVANIA, EUA), NÚMERO DE SÉRIE ICU081414: PLANO SMARTCARE COM ACESSO REMOTO ILIMITADO; MANUTENÇÃO PREVENTIVA (REVISÃO) ANUAL; MANUTENÇÃO CORRETIVA ILIMITADA; PEÇAS DE REPOSIÇÃO INCLUÍDAS (EXCETO SENSOR E TUBO DO RAIO-X). PRIORIDADE NO ATENDIMENTO COM PRAZO DE ATÉ 8  HORAS PARA A PRIMEIRA AVALIAÇÃO, A PARTIR DA ABERTURA DO CHAMADO TÉCNICO.";"12";"720,00"
"52111";"Comando da Aeronáutica";"120632";"BASE AEREA DE RECIFE";"462022";"1206320500077202200001";"SERVICO ENGENHARIA";"SERVIÇO DE INSTALAÇÃO DO CASTELO D ÁGUA DO SEREP-RF, CONFORME PROJETO BÁSICO E  ANEXOS.";"1";"66484,20"
"52111";"Comando da Aeronáutica";"120632";"BASE AEREA DE RECIFE";"492022";"1206320500072202100018";"SERVICO ENGENHARIA";"EXECUÇÃO DE SERVIÇO COMUM DE ATERRO MANUAL DE VALAS COM AREIA PARA ATERRO E CO MPACTAC A O MECANIZADA.";"374730";"0,13"
"52111";"Comando da Aeronáutica";"120632";"BASE AEREA DE RECIFE";"492022";"1206320500072202100019";"SERVICO ENGENHARIA";"EXECUÇÃO DE SERVIÇO COMUM DE CARGA/DESCARGA E ESPALHAMENTO DE MATERIAIS-MEIO M ANUAL";"403412";"0,13"
"52111";"Comando da Aeronáutica";"120632";"BASE AEREA DE RECIFE";"492022";"1206320500072202100020";"SERVICO ENGENHARIA";"EXECUÇÃO DE SERVIÇO COMUM DE ESCAVAC A O MECANIZADA DE VALA COM PROF. ATE  1,5  M, COM RETROESCAVADEIRA, LARG. ATE  1,5 M, EM SOLO DE 1A CATEGORIA, EM LOCAIS  COM ALTO NI VEL DE INTERFERE NCIA.";"691280";"0,15"
"52111";"Comando da Aeronáutica";"120632";"BASE AEREA DE RECIFE";"492022";"1206320500072202100017";"SERVICO ENGENHARIA";"EXECUÇÃO DE SERVIÇO COMUM DE EXECUC A O E COMPACTAC A O DE ATERRO COM SOLO PRE DOMINANTEMENTE ARENOSO - EXCLUSIVE ESCAVAC A O, CARGA E TRANSPORTE E SOLO.";"310150";"0,14"
"52111";"Comando da Aeronáutica";"120632";"BASE AEREA DE RECIFE";"492022";"1206320500072202100022";"SERVICO ENGENHARIA";"EXECUÇÃO DE SERVIÇO COMUM DE ESGOTAMENTO COM MOTO-BOMBA AUTOESCOVANTE";"375400";"0,15"
"52111";"Comando da Aeronáutica";"120632";"BASE AEREA DE RECIFE";"492022";"1206320500072202100021";"SERVICO ENGENHARIA";"EXECUÇÃO DE SERVIÇO COMUM DE REATERRO MANUAL APILOADO COM SOQUETE";"168310";"0,15"
"26243";"Universidade Federal do Rio Grande do Norte";"153103";"UNIVERSIDADE FEDERAL DO RIO GRANDE DO NORTE";"512022";"1531030500015202200003";"LEGUME IN NATURA";"LEGUME IN NATURA, TIPO ABOBRINHA ITALIANA";"30764";"0,30"
"26243";"Universidade Federal do Rio Grande do Norte";"153103";"UNIVERSIDADE FEDERAL DO RIO GRANDE DO NORTE";"512022";"1531030500015202200002";"FRUTA";"FRUTA, TIPO ABACAXI PÉROLA, APRESENTAÇÃO NATURAL";"16236";"0,30"
"26243";"Universidade Federal do Rio Grande do Norte";"153103";"UNIVERSIDADE FEDERAL DO RIO GRANDE DO NORTE";"512022";"1531030500015202200001";"FRUTA";"FRUTA, TIPO ABACATE MANTEIGA, APRESENTAÇÃO NATURAL";"16236";"0,30"
"26243";"Universidade Federal do Rio Grande do Norte";"153103";"UNIVERSIDADE FEDERAL DO RIO GRANDE DO NORTE";"512022";"1531030500015202200004";"VERDURA IN NATURA";"VERDURA IN NATURA, TIPO ACELGA";"14527";"0,30"
"52111";"Comando da Aeronáutica";"120632";"BASE AEREA DE RECIFE";"512022";"1206320500083202100011";"SERVICO ESPECIALIZADO DE LIMPEZA";"SERVIÇOS DE LIMPEZA, HIGIENE E CONSERVAÇÃO DE BENS MÓVEIS / IMÓVEIS, COM FORNE CIMENTO DE MATERIAIS NECESSÁRIOS À SUA EXECUÇÃO NO ÂMBITO DO DTCEA-FN,  ÁREA E XTERNA.";"264150";"0,40"
"52121";"Comando do Exército";"160127";"4 GRUPO DE ARTILHARIA ANTIAEREA";"522021";"1601270700011202100035";"ANALISE CLINICA, ANATOMIA PATOLOGICA E CITOPATOLOGIA";"ANÁLISE CLÍNICA, ANATOMIA PATOLÓGICA E CITOPATOLOGIA";"1";"15000,00"
"22204";"Departamento Nacional de Obras Contra as Seca";"193008";"DNOCS - CEST/SE ARACAJU - SE";"522021";"1930080500002202100001";"DISCO DE GRADE ARADO";"DISCO DE GRADE ARADO, MATERIAL AÇO, DIÂMETRO DISCO 26 POL, ESPESSURA 6 MM, APLICAÇÃO GRADE ARADORA DE 14 DISCOS";"4";"26531,42"
"52121";"Comando do Exército";"160127";"4 GRUPO DE ARTILHARIA ANTIAEREA";"662021";"1601270700011202100007";"FISIOTERAPIA / MASSOTERAPIA";"FISIOTERAPIA";"1";"30000,00"
"20415";"Empresa Brasil de Comunicação";"115406";"EMPRESA BRASIL DE COMUNICACAO S.A";"662022";"1154060500019202200001";"TRATAMENTO DE RESIDUOS";"CONTRATAÇÃO DE EMPRESA ESPECIALIZADA EM SERVIÇOS, SOB DEMANDA, DE COLETA, TRAN SPORTE E DESTINAÇÃO FINAL, DE RESÍDUOS SÓLIDOS ESPECIAIS (RSE) DE CLASSE I (PE RIGOSOS), PARA ATENDER ÀS NECESSIDADES DA EMPRESA BRASIL DE COMUNICAÇÃO S/A EBC, EM SUAS REGIONAIS DE BRASÍLIA/DF E DO RIO DE JANEIRO/RJ.";"1";"266765,80"
"26274";"Fundação Universidade Federal de Uberlândia";"154043";"FUNDACAO UNIVERSIDADE FEDERAL DE UBERLANDIA";"712021";"1540430600047202100001";"PRESTACAO DE SERVICOS DE APOIO ADMINISTRATIVO";"PRESTAÇÃO DE SERVIÇOS DE APOIO ADMINISTRATIVO";"1";"100000,00"
"26237";"Universidade Federal de Juiz de Fora";"153061";"UNIVERSIDADE FEDERAL DE JUIZ DE FORA";"712022";"1530610600033202200003";"CONDOMINIO - GERENCIA / MANUTENCAO DE IMOVEL / ADMINISTRACAO";"DESPESAS DE ENERGIA ELÉTRICA INCIDENTES NOS IMÓVEIS LOCALIZADOS NA RUA PRUDENT E DE MORAIS NºS 591 E 601, CENTRO, NO MUNICÍPIO DE GOVERNADOR VALADARES/MG, PR OPORCIONAL AO USO DA SUBLOCATÁRIA, NO PERCENTUAL DE 46,79%, PAGAS POR MEIO DE REEMBOLSO À SUBLOCADORA DESDE QUE COMPROVADAS. UNIDADE DE FORNECIMENTO: MÊS";"12";"2500,00"
"26237";"Universidade Federal de Juiz de Fora";"153061";"UNIVERSIDADE FEDERAL DE JUIZ DE FORA";"712022";"1530610600033202200001";"LOCACAO DE IMOVEL";"SUBLOCAÇÃO DOS IMÓVEIS ADJACENTES ENTRE SI, SITUADOS NA RUA PRUDENTE DE MORAIS  NºS 591 E 601, CENTRO, NO MUNICÍPIO DE GOVERNADOR VALADARES/MG. UNIDADE DE FO RNECIMENTO: MÊS.";"12";"28363,31"
"26237";"Universidade Federal de Juiz de Fora";"153061";"UNIVERSIDADE FEDERAL DE JUIZ DE FORA";"712022";"1530610600033202200002";"LOCACAO BENS MOVEIS";"LOCAÇÃO DE BENS MÓVEIS, EM REGIME DE COMPARTILHAMENTO DE PROPRIEDADE DA EMPRES A ATOS TREINAMENTO  EM ODONTOLOGIA E SERVIÇOS LTDA - UNIDADE DE FORNECIMENTO: MÊS";"12";"4563,73"
"20701";"Instituto Brasileiro do Meio Ambiente e dos R";"193099";"IBAMA-INST.BRAS.DO MEIO AMB.E DOS REC.NAT.REN";"762021";"1930990500031202100053";"MOTOR COM BASE PARA BOMBA CENTRIFUGA";"MOTOR COM BASE PARA BOMBA CENTRIFUGA NOME: MOTOR COM BASE PARA BOMBA CENTRIFUG A";"16";"170000,00"
"20701";"Instituto Brasileiro do Meio Ambiente e dos R";"193099";"IBAMA-INST.BRAS.DO MEIO AMB.E DOS REC.NAT.REN";"762021";"1930990500031202100055";"MOTOR COM BASE PARA BOMBA CENTRIFUGA";"MOTOR COM BASE PARA BOMBA CENTRIFUGA NOME: MOTOR COM BASE PARA BOMBA CENTRIFUG A";"16";"81666,67"
"36201";"Fundação Oswaldo Cruz";"254446";"INSTITUTO DE TECNOLOGIA EM FARMACOS";"942022";"2544460700043202200001";"INSUMOS QUÍMICOS/BIOLÓGICOS";"INSUMOS QUÍMICOS/BIOLÓGICOS, COMPOSIÇÃO CABERGOLINA, APRESENTAÇÃO PÓ, CARACTERÍSTICAS ADICIONAIS PUREZA MÍNIMA DE 98%, NÚMERO DE REFERÊNCIA QUÍMICA CAS 81409-90-7";"750";"1688,07"
"37202";"Instituto Nacional do Seguro Social";"510181";"SUPERINTENDENCIA REGIONAL SUL";"1022022";"5101810500025202200010";"LOCACAO DE VEICULOS - LEVES / PESADOS / COM MOTORISTA";"DEMAIS CUSTOS VARIÁVEIS RELACIONADOS AO VEÍCULO (COMBUSTÍVEL, MANUTENÇÃO, PNEU S, LUBRIFICANTES, ETC) POR KM RODADO SEDAN.";"72000";"0,68"
"37202";"Instituto Nacional do Seguro Social";"510181";"SUPERINTENDENCIA REGIONAL SUL";"1022022";"5101810500025202200012";"LOCACAO DE VEICULOS - LEVES / PESADOS / COM MOTORISTA";"AUTOMÓVEL DE FABRICAÇÃO NACIONAL, COM MOTORISTA, CARROCERIAS TIPO FURGÃO SIMPL ES 3 PORTAS, PARA CARGA, CAPACIDADE PARA 3 PESSOAS, MOTOR ATÉ 140 CV DE POTÊNC IA, MOTOR FLEX (GASOLINA/ÁLCOOL) OU DIESEL, DIREÇÃO HIDRÁULICA E/OU ELÉTRICA, CÂMBIO MECÂNICO, TETO ALTO, CAPACIDADE VOLUMÉTRICA DE PELO MENOS 7 M³, CINTO D E SEGURANÇA DE 03 PONTOS PARA 02 PESSOAS, ENCOSTO DE CABEÇA NOS BANCOS, AR-CON DICIONADO, COR BRANCA, EQUIPADOS COM TODOS OS ITENS DE SEGURANÇA EXIGIDOS PELO  CONSELHO NACIONAL DE TRÂNSITO (CONTRAN) A SER DISPONIBILIZADO NAS GERÊNCIAS E M CANOAS E NOVO HAMBURGO, POR DIÁRIA, CONFORME DEMANDA.";"48";"401,92"
"37202";"Instituto Nacional do Seguro Social";"510181";"SUPERINTENDENCIA REGIONAL SUL";"1022022";"5101810500025202200008";"LOCACAO DE VEICULOS - LEVES / PESADOS / COM MOTORISTA";"CUSTOS VARIÁVEIS, POR DEMANDA, RELACIONADOS AO MOTORISTA (DIÁRIAS, HORAS EXTRA S, ALIMENTAÇÃO)";"12";"3899,10"
"37202";"Instituto Nacional do Seguro Social";"510181";"SUPERINTENDENCIA REGIONAL SUL";"1022022";"5101810500025202200015";"LOCACAO DE VEICULOS - LEVES / PESADOS / COM MOTORISTA";"DEMAIS CUSTOS VARIÁVEIS RELACIONADOS AO VEÍCULO (COMBUSTÍVEL, MANUTENÇÃO, PNEU S, LUBRIFICANTES, ETC) POR KM RODADO SEDAN.";"105009";"0,67"
"37202";"Instituto Nacional do Seguro Social";"510181";"SUPERINTENDENCIA REGIONAL SUL";"1022022";"5101810500025202200009";"LOCACAO DE VEICULOS - LEVES / PESADOS / COM MOTORISTA";"PEDÁGIO";"960";"4,96"
"37202";"Instituto Nacional do Seguro Social";"510181";"SUPERINTENDENCIA REGIONAL SUL";"1022022";"5101810500025202200016";"LOCACAO DE VEICULOS - LEVES / PESADOS / COM MOTORISTA";"DEMAIS CUSTOS VARIÁVEIS RELACIONADOS AO VEÍCULO (COMBUSTÍVEL, MANUTENÇÃO, PNEU S, LUBRIFICANTES, ETC) POR KM RODADO FURGÃO.";"33600";"1,34"
"37202";"Instituto Nacional do Seguro Social";"510181";"SUPERINTENDENCIA REGIONAL SUL";"1022022";"5101810500025202200011";"LOCACAO DE VEICULOS - LEVES / PESADOS / COM MOTORISTA";"AUTOMÓVEL DE FABRICAÇÃO NACIONAL, COM MOTORISTA, CARROCERIAS TIPO SEDAN E/OU P ERUA, 4 PORTAS PARA PASSAGEIROS, CAPACIDADE PARA 5 PESSOAS NO MÍNIMO, MODELO E  ANO CORRENTE, MOTOR ATÉ 1.6, LIMITADO A 115 CV DE POTÊNCIA, MOTOR FLEX (GASOL INA/ÁLCOOL), DIREÇÃO HIDRÁULICA E/OU ELÉTRICA, CÂMBIO MECÂNICO, CINTO DE SEGUR ANÇA DE 03 PONTOS PARA 04 PESSOAS, ENCOSTO DE CABEÇA NOS BANCOS DIANTEIROS E T RASEIROS, AR-CONDICIONADO, COR BRANCA, EQUIPADOS COM TODOS OS ITENS DE SEGURAN ÇA EXIGIDOS PELO CONSELHO NACIONAL DE TRÂNSITO (CONTRAN) A SER DISPONIBILIZADO  NAS GERÊNCIAS EM CANOAS E NOVO HAMBURGO, DE FORMA CONTÍNUA.";"24";"7166,40"
"37202";"Instituto Nacional do Seguro Social";"510181";"SUPERINTENDENCIA REGIONAL SUL";"1022022";"5101810500025202200014";"LOCACAO DE VEICULOS - LEVES / PESADOS / COM MOTORISTA";"PEDÁGIO";"1056";"8,47"
"37202";"Instituto Nacional do Seguro Social";"510181";"SUPERINTENDENCIA REGIONAL SUL";"1022022";"5101810500025202200007";"LOCACAO DE VEICULOS - LEVES / PESADOS / COM MOTORISTA";"AUTOMÓVEL DE FABRICAÇÃO NACIONAL, COM MOTORISTA, CARROCERIAS TIPO SEDAN E/OU P ERUA, 4 PORTAS PARA PASSAGEIROS, CAPACIDADE PARA 5 PESSOAS NO MÍNIMO, MODELO E  ANO CORRENTE, MOTOR ATÉ 1.6, LIMITADO A 115 CV DE POTÊNCIA, MOTOR FLEX (GASOL INA/ÁLCOOL), DIREÇÃO HIDRÁULICA E/OU ELÉTRICA, CÂMBIO MECÂNICO, CINTO DE SEGUR ANÇA DE 03 PONTOS PARA 04 PESSOAS, ENCOSTO DE CABEÇA NOS BANCOS DIANTEIROS E T RASEIROS, AR-CONDICIONADO, COR BRANCA, EQUIPADOS COM TODOS OS ITENS DE SEGURAN ÇA EXIGIDOS PELO CONSELHO NACIONAL DE TRÂNSITO (CONTRAN) A SER DISPONIBILIZADO  NA GERÊNCIA EM BLUMENAU/SC, DE FORMA CONTÍNUA.";"24";"7745,56"
"37202";"Instituto Nacional do Seguro Social";"510181";"SUPERINTENDENCIA REGIONAL SUL";"1022022";"5101810500025202200013";"LOCACAO DE VEICULOS - LEVES / PESADOS / COM MOTORISTA";"CUSTOS VARIÁVEIS, POR DEMANDA, RELACIONADOS AO MOTORISTA (DIÁRIAS, HORAS EXTRA S, ALIMENTAÇÃO)";"12";"4429,39"
"52111";"Comando da Aeronáutica";"120195";"CENTRO DE AQUISICOES ESPECIFICAS";"1072022";"1201950700053202100015";"GERADOR";"RADIOFÁRMACO DE USO HUMANO - IODETO DE SÓDIO-131 150 MCI - C8 -CENTIPOISE";"4";"1216,01"
"52111";"Comando da Aeronáutica";"120195";"CENTRO DE AQUISICOES ESPECIFICAS";"1072022";"1201950700053202100018";"GERADOR";"RADIOFÁRMACO DE USO HUMANO - LEXIDRONAM - SAMÁRIO-153 100 MCI - FRASCO";"1";"541,77"
"52111";"Comando da Aeronáutica";"120195";"CENTRO DE AQUISICOES ESPECIFICAS";"1072022";"1201950700053202100005";"GERADOR";"RADIOFÁRMACO DE USO HUMANO - GERADOR DE TECNÉCIO 1250 MCI";"48";"5246,07"
"52111";"Comando da Aeronáutica";"120195";"CENTRO DE AQUISICOES ESPECIFICAS";"1072022";"1201950700053202100001";"GERADOR";"RADIOFÁRMACO DE USO HUMANO - GERADOR DE TECNÉCIO 250 MCI";"1";"2062,85"
"52111";"Comando da Aeronáutica";"120195";"CENTRO DE AQUISICOES ESPECIFICAS";"1072022";"1201950700053202100007";"GERADOR";"RADIOFÁRMACO DE USO HUMANO - GERADOR DE TECNÉCIO 2000 MCI";"2";"6835,59"
"52111";"Comando da Aeronáutica";"120195";"CENTRO DE AQUISICOES ESPECIFICAS";"1072022";"1201950700053202100009";"GERADOR";"RADIOFÁRMACO DE USO HUMANO - IODETO DE SÓDIO-131 15 MCI - FRASCO";"6";"284,95"
"52111";"Comando da Aeronáutica";"120195";"CENTRO DE AQUISICOES ESPECIFICAS";"1072022";"1201950700053202100025";"GERADOR";"RADIOFÁRMACO DE USO HUMANO - ESTANHO COLOIDAL KIT COM 5 FR - KIT";"2";"186,98"
"52111";"Comando da Aeronáutica";"120195";"CENTRO DE AQUISICOES ESPECIFICAS";"1072022";"1201950700053202100004";"GERADOR";"RADIOFÁRMACO DE USO HUMANO - GERADOR DE TECNÉCIO 1000 MCI";"2";"4451,39"
"52111";"Comando da Aeronáutica";"120195";"CENTRO DE AQUISICOES ESPECIFICAS";"1072022";"1201950700053202100027";"GERADOR";"RADIOFÁRMACO DE USO HUMANO - PIROFOSFATO DE SÓDIO KIT COM 5 FR - KIT";"3";"186,98"
"52111";"Comando da Aeronáutica";"120195";"CENTRO DE AQUISICOES ESPECIFICAS";"1072022";"1201950700053202100026";"GERADOR";"RADIOFÁRMACO DE USO HUMANO - MAA (MACROAGREGADO DE ALBUMINA) KIT COM 5 FR - KI T";"12";"186,98"
"52111";"Comando da Aeronáutica";"120195";"CENTRO DE AQUISICOES ESPECIFICAS";"1072022";"1201950700053202100011";"GERADOR";"RADIOFÁRMACO DE USO HUMANO - IODETO DE SÓDIO-131 100 MCI - FRASCO";"6";"814,50"
"52111";"Comando da Aeronáutica";"120195";"CENTRO DE AQUISICOES ESPECIFICAS";"1072022";"1201950700053202100017";"GERADOR";"RADIOFÁRMACO DE USO HUMANO - CITRATO DE TÁLIO-201 5 MCI - FRASCO";"3";"550,72"
"52111";"Comando da Aeronáutica";"120195";"CENTRO DE AQUISICOES ESPECIFICAS";"1072022";"1201950700053202100014";"GERADOR";"RADIOFÁRMACO DE USO HUMANO - IODETO DE SÓDIO-131 100 MCI - C8 -CENTIPOISE";"12";"879,51"
"52111";"Comando da Aeronáutica";"120195";"CENTRO DE AQUISICOES ESPECIFICAS";"1072022";"1201950700053202100008";"GERADOR";"RADIOFÁRMACO DE USO HUMANO - IODETO DE SÓDIO-131 5 MCI - FRASCO";"18";"222,65"
"52111";"Comando da Aeronáutica";"120195";"CENTRO DE AQUISICOES ESPECIFICAS";"1072022";"1201950700053202100021";"GERADOR";"RADIOFÁRMACO DE USO HUMANO - OCTREOTATO TETRAXETANA LUTÉCIO-177 200 MCI - FRAS CO";"4";"8074,79"
"52111";"Comando da Aeronáutica";"120195";"CENTRO DE AQUISICOES ESPECIFICAS";"1072022";"1201950700053202100012";"GERADOR";"RADIOFÁRMACO DE USO HUMANO - IODETO DE SÓDIO-131 5 MCI - C8 -CENTIPOISE";"12";"240,16"
"52111";"Comando da Aeronáutica";"120195";"CENTRO DE AQUISICOES ESPECIFICAS";"1072022";"1201950700053202100019";"GERADOR";"RADIOFÁRMACO DE USO HUMANO - PENTETREOTIDA ÍNDIO-111 6 MCI - FRASCO";"2";"5834,96"
"52111";"Comando da Aeronáutica";"120195";"CENTRO DE AQUISICOES ESPECIFICAS";"1072022";"1201950700053202100022";"GERADOR";"RADIOFÁRMACO DE USO HUMANO - DEXTRAN 500 (DIETIL-ÉSTER) KIT COM 5 FR - KIT";"3";"186,98"
"52111";"Comando da Aeronáutica";"120195";"CENTRO DE AQUISICOES ESPECIFICAS";"1072022";"1201950700053202100013";"GERADOR";"RADIOFÁRMACO DE USO HUMANO - IODETO DE SÓDIO-131 25 MCI - C8 -CENTIPOISE";"12";"374,76"
"52111";"Comando da Aeronáutica";"120195";"CENTRO DE AQUISICOES ESPECIFICAS";"1072022";"1201950700053202100023";"GERADOR";"RADIOFÁRMACO DE USO HUMANO - DISIDA (ÁCIDO DIISOPROPILIMINOACÉTICO) KIT COM 5 FR - KIT";"3";"282,72"
"52111";"Comando da Aeronáutica";"120195";"CENTRO DE AQUISICOES ESPECIFICAS";"1072022";"1201950700053202100006";"GERADOR";"RADIOFÁRMACO DE USO HUMANO - GERADOR DE TECNÉCIO 1500 MCI";"2";"6040,75"
"52111";"Comando da Aeronáutica";"120195";"CENTRO DE AQUISICOES ESPECIFICAS";"1072022";"1201950700053202100010";"GERADOR";"RADIOFÁRMACO DE USO HUMANO - IODETO DE SÓDIO-131 50 MCI - FRASCO";"6";"503,00"
"52111";"Comando da Aeronáutica";"120195";"CENTRO DE AQUISICOES ESPECIFICAS";"1072022";"1201950700053202100002";"GERADOR";"RADIOFÁRMACO DE USO HUMANO - GERADOR DE TECNÉCIO 500 MCI";"2";"2860,35"
"52111";"Comando da Aeronáutica";"120195";"CENTRO DE AQUISICOES ESPECIFICAS";"1072022";"1201950700053202100024";"GERADOR";"RADIOFÁRMACO DE USO HUMANO - ECD (ETILENODICISTEÍNA DIETIL-ÉSTER) KIT COM 5 FR  - KIT";"3";"186,98"
"52111";"Comando da Aeronáutica";"120195";"CENTRO DE AQUISICOES ESPECIFICAS";"1072022";"1201950700053202100003";"GERADOR";"RADIOFÁRMACO DE USO HUMANO - GERADOR DE TECNÉCIO 750 MCI";"2";"3655,01"
"52111";"Comando da Aeronáutica";"120195";"CENTRO DE AQUISICOES ESPECIFICAS";"1072022";"1201950700053202100020";"GERADOR";"RADIOFÁRMACO DE USO HUMANO - MIBG - IOBENGUANO - I-131 10 MCI - FRASCO";"2";"454,46"
"52111";"Comando da Aeronáutica";"120195";"CENTRO DE AQUISICOES ESPECIFICAS";"1072022";"1201950700053202100016";"GERADOR";"RADIOFÁRMACO DE USO HUMANO - CITRATO DE GÁLIO-67 10 MCI - FRASCO";"4";"1118,00"
"52121";"Comando do Exército";"160069";"CENTRO DE OBTENCOES DO EXERCITO";"1082021";"1600690500024202000001";"AUTOMÓVEL";"VIATURA ADMINISTRATIVAS (VTP 7 PSG), CONFORME EDITAL E SEUS ANEXOS.";"1";"101889,33"
"52121";"Comando do Exército";"160069";"CENTRO DE OBTENCOES DO EXERCITO";"1082021";"1600690500024202000002";"VEÍCULO TRANSPORTE PESSOAL";"VEÍCULO TRANSPORTE PESSOAL, TIPO SEDAN, COMBUSTÍVEL ÁLCOOL/ GASOLINA, COR PRETA, QUANTIDADE PORTAS 04 UN, TIPO CÂMBIO MANUAL, CARACTERÍSTICAS ADICIONAIS AR CONDICIONADO, DIREÇÃO HIDRÁULICA, VIDRO E TRAV A, POTÊNCIA MÍNIMA 105 CV";"1";"78797,00"
"52121";"Comando do Exército";"160069";"CENTRO DE OBTENCOES DO EXERCITO";"1082021";"1600690500024202000001";"AUTOMÓVEL";"VIATURA ADMINISTRATIVAS (VTP 7 PSG), CONFORME EDITAL E SEUS ANEXOS.";"1";"101889,33"
"52121";"Comando do Exército";"160069";"CENTRO DE OBTENCOES DO EXERCITO";"1082021";"1600690500024202000001";"AUTOMÓVEL";"VIATURA ADMINISTRATIVAS (VTP 7 PSG), CONFORME EDITAL E SEUS ANEXOS.";"1";"101889,33"
"37202";"Instituto Nacional do Seguro Social";"510178";"SUPERINTENDENCIA REGIONAL SUDESTE I";"1082022";"5101780500030202200019";"PRESTACAO DE SERVICOS DE APOIO ADMINISTRATIVO";"PRESTAÇÃO DE SERVIÇOS DE APOIO ADMINISTRATIVO";"2";"42588,00"
"37202";"Instituto Nacional do Seguro Social";"510178";"SUPERINTENDENCIA REGIONAL SUDESTE I";"1082022";"5101780500030202200014";"PRESTACAO DE SERVICOS DE APOIO ADMINISTRATIVO";"PRESTAÇÃO DE SERVIÇOS DE APOIO ADMINISTRATIVO";"2";"41310,00"
"37202";"Instituto Nacional do Seguro Social";"510178";"SUPERINTENDENCIA REGIONAL SUDESTE I";"1082022";"5101780500030202200016";"PRESTACAO DE SERVICOS DE APOIO ADMINISTRATIVO";"PRESTAÇÃO DE SERVIÇOS DE APOIO ADMINISTRATIVO";"2";"41652,96"
"37202";"Instituto Nacional do Seguro Social";"510178";"SUPERINTENDENCIA REGIONAL SUDESTE I";"1082022";"5101780500030202200007";"PRESTACAO DE SERVICOS DE APOIO ADMINISTRATIVO";"PRESTAÇÃO DE SERVIÇOS DE APOIO ADMINISTRATIVO";"2";"41652,96"
"37202";"Instituto Nacional do Seguro Social";"510178";"SUPERINTENDENCIA REGIONAL SUDESTE I";"1082022";"5101780500030202200006";"PRESTACAO DE SERVICOS DE APOIO ADMINISTRATIVO";"PRESTAÇÃO DE SERVIÇOS DE APOIO ADMINISTRATIVO";"2";"42588,00"
"37202";"Instituto Nacional do Seguro Social";"510178";"SUPERINTENDENCIA REGIONAL SUDESTE I";"1082022";"5101780500030202200013";"PRESTACAO DE SERVICOS DE APOIO ADMINISTRATIVO";"PRESTAÇÃO DE SERVIÇOS DE APOIO ADMINISTRATIVO";"2";"41652,96"
"37202";"Instituto Nacional do Seguro Social";"510178";"SUPERINTENDENCIA REGIONAL SUDESTE I";"1082022";"5101780500030202200004";"PRESTACAO DE SERVICOS DE APOIO ADMINISTRATIVO";"PRESTAÇÃO DE SERVIÇOS DE APOIO ADMINISTRATIVO";"2";"42588,00"
"37202";"Instituto Nacional do Seguro Social";"510178";"SUPERINTENDENCIA REGIONAL SUDESTE I";"1082022";"5101780500030202200005";"PRESTACAO DE SERVICOS DE APOIO ADMINISTRATIVO";"PRESTAÇÃO DE SERVIÇOS DE APOIO ADMINISTRATIVO";"2";"42588,00"
"37202";"Instituto Nacional do Seguro Social";"510178";"SUPERINTENDENCIA REGIONAL SUDESTE I";"1082022";"5101780500030202200009";"PRESTACAO DE SERVICOS DE APOIO ADMINISTRATIVO";"PRESTAÇÃO DE SERVIÇOS DE APOIO ADMINISTRATIVO";"2";"41310,00"
"37202";"Instituto Nacional do Seguro Social";"510178";"SUPERINTENDENCIA REGIONAL SUDESTE I";"1082022";"5101780500030202200017";"PRESTACAO DE SERVICOS DE APOIO ADMINISTRATIVO";"PRESTAÇÃO DE SERVIÇOS DE APOIO ADMINISTRATIVO";"2";"42588,00"
"37202";"Instituto Nacional do Seguro Social";"510178";"SUPERINTENDENCIA REGIONAL SUDESTE I";"1082022";"5101780500030202200015";"PRESTACAO DE SERVICOS DE APOIO ADMINISTRATIVO";"PRESTAÇÃO DE SERVIÇOS DE APOIO ADMINISTRATIVO";"2";"42588,00"
"37202";"Instituto Nacional do Seguro Social";"510178";"SUPERINTENDENCIA REGIONAL SUDESTE I";"1082022";"5101780500030202200012";"PRESTACAO DE SERVICOS DE APOIO ADMINISTRATIVO";"PRESTAÇÃO DE SERVIÇOS DE APOIO ADMINISTRATIVO";"2";"41310,00"
"37202";"Instituto Nacional do Seguro Social";"510178";"SUPERINTENDENCIA REGIONAL SUDESTE I";"1082022";"5101780500030202200010";"PRESTACAO DE SERVICOS DE APOIO ADMINISTRATIVO";"PRESTAÇÃO DE SERVIÇOS DE APOIO ADMINISTRATIVO";"2";"41310,00"
"37202";"Instituto Nacional do Seguro Social";"510178";"SUPERINTENDENCIA REGIONAL SUDESTE I";"1082022";"5101780500030202200018";"PRESTACAO DE SERVICOS DE APOIO ADMINISTRATIVO";"PRESTAÇÃO DE SERVIÇOS DE APOIO ADMINISTRATIVO";"2";"41926,32"
"37202";"Instituto Nacional do Seguro Social";"510178";"SUPERINTENDENCIA REGIONAL SUDESTE I";"1082022";"5101780500030202200011";"PRESTACAO DE SERVICOS DE APOIO ADMINISTRATIVO";"PRESTAÇÃO DE SERVIÇOS DE APOIO ADMINISTRATIVO";"2";"41926,32"
"37202";"Instituto Nacional do Seguro Social";"510178";"SUPERINTENDENCIA REGIONAL SUDESTE I";"1082022";"5101780500030202200020";"PRESTACAO DE SERVICOS DE APOIO ADMINISTRATIVO";"PRESTAÇÃO DE SERVIÇOS DE APOIO ADMINISTRATIVO";"2";"41652,96"
"37202";"Instituto Nacional do Seguro Social";"510178";"SUPERINTENDENCIA REGIONAL SUDESTE I";"1082022";"5101780500030202200008";"PRESTACAO DE SERVICOS DE APOIO ADMINISTRATIVO";"PRESTAÇÃO DE SERVIÇOS DE APOIO ADMINISTRATIVO";"2";"42588,00"
"52121";"Comando do Exército";"160345";"HOSPITAL DE GUARNICAO DE NATAL";"1202022";"1603450700001202200001";"ASSISTENCIA MEDICA - HOSPITALAR / DOMICILIAR COMPLEMENTAR DESAUDE / CONVÊNIO";"ASSISTÊNCIA MÉDICA - HOSPITALAR / DOMICILIAR COMPLEMENTAR DESAÚDE / CONVÊNIO";"1";"420000,00"
"52111";"Comando da Aeronáutica";"120195";"CENTRO DE AQUISICOES ESPECIFICAS";"1592022";"1201950500239202100013";"AUTOMÓVEL";"CARRO PATRULHA / P-15/01A/DTS";"1";"265458,00"
"26238";"Universidade Federal de Minas Gerais";"154459";"PRO-REITORIA DE CULTURA DA UFMG";"2602020";"1544590600032202000001";"ADMINISTRACAO / EXECUCAO PROJETO EDUCACIONAL / CONVENIO / ESTAGIO / UNIVERSITARIO / MONITOR";"ADMINISTRAÇÃO , EXECUÇÃO PROJETO EDUCACIONAL - CONVÊNIO , ESTÁGIO , UNIVERSITÁ RIO , MONITOR";"1";"4062234,40"
"36000";"Ministério da Saúde - Unidades com vínculo di";"250057";"INST. NACIONAL DE TRAUMATOLOGIA E ORTOPEDIA";"4122022";"2500570500082202200004";"APARELHO AR CONDICIONADO";"APARELHO AR CONDICIONADO, CAPACIDADE REFRIGERAÇÃO 24.000 BTU, TENSÃO 220 V, FREQÜÊNCIA 60 HZ, NÍVEL RUÍDO INTERNO 36 A 53 DB, TIPO SPLIT, MODELO TETO/ PISO, CARACTERÍSTICAS ADICIONAIS CONTROLE REMOTO SEM FIO, FILTRO ANTIBACTÉRIA, DE-";"10";"4960,00"
"36000";"Ministério da Saúde - Unidades com vínculo di";"250057";"INST. NACIONAL DE TRAUMATOLOGIA E ORTOPEDIA";"4122022";"2500570500082202200001";"APARELHO AR CONDICIONADO";"APARELHO AR CONDICIONADO, CAPACIDADE REFRIGERAÇÃO 36.000 BTU, TENSÃO 220 V, TIPO SPLIT, MODELO CASSETE 4 VIAS INVERTER, CARACTERÍSTICAS ADICIONAIS 1 CONTROLE REMOTO, BOMBA DE DRENO";"15";"6140,00"
"26271";"Fundação Universidade de Brasília";"154040";"FUNDACAO UNIVERSIDADE DE BRASILIA - FUB";"12322022";"0";"Inválido";"Inválido";"1";"22100,00"
"36000";"Ministério da Saúde - Unidades com vínculo di";"257033";"DISTRITO SANIT.ESP.INDIGENA - CEARA";"202200014";"2570330500009202200033";"CARNE DE AVE IN NATURA";"CARNE DE AVE IN NATURA, TIPO ANIMAL FRANGO, TIPO CORTE COM MIÚDOS, APRESENTAÇÃO INTEIRO, ESTADO DE CONSERVAÇÃO CONGELADO(A), PROCESSAMENTO COM PELE, COM OSSO";"260";"11,61"
"36000";"Ministério da Saúde - Unidades com vínculo di";"257033";"DISTRITO SANIT.ESP.INDIGENA - CEARA";"202200014";"2570330500009202200036";"PEIXE IN NATURA";"PEIXE IN NATURA, VARIEDADE TILÁPIA, TIPO CORTE EVISCERADO SEM CABEÇA, APRESENTAÇÃO COM PELE, ESTADO DE CONSERVAÇÃO CONGELADO(A)";"185";"28,57"
"36000";"Ministério da Saúde - Unidades com vínculo di";"257033";"DISTRITO SANIT.ESP.INDIGENA - CEARA";"202200014";"2570330500009202200032";"CARNE BOVINA IN NATURA";"CARNE BOVINA IN NATURA, TIPO CORTE COXÃO MOLE, APRESENTAÇÃO PEÇA INTEIRA, ESTADO DE CONSERVAÇÃO CONGELADO(A)";"122";"34,48"
"36000";"Ministério da Saúde - Unidades com vínculo di";"257033";"DISTRITO SANIT.ESP.INDIGENA - CEARA";"202200014";"2570330500009202200034";"CARNE DE AVE IN NATURA";"CARNE DE AVE IN NATURA, TIPO ANIMAL FRANGO, TIPO CORTE FILÉ DE PEITO, APRESENTAÇÃO FATIADO, ESTADO DE CONSERVAÇÃO CONGELADO(A), PROCESSAMENTO SEM PELE, SEM OSSO";"83";"13,73"
"36000";"Ministério da Saúde - Unidades com vínculo di";"257033";"DISTRITO SANIT.ESP.INDIGENA - CEARA";"202200014";"2570330500009202200035";"CARNE BOVINA IN NATURA";"CARNE BOVINA IN NATURA, TIPO CORTE FÍGADO, APRESENTAÇÃO PEÇA INTEIRA, ESTADO DE CONSERVAÇÃO CONGELADO(A)";"32";"12,17"
