"Número do Contrato";"Objeto";"Fundamento Legal";"Modalidade Compra";"Situação Contrato";"Código Órgão Superior";"Nome Órgão Superior";"Código Órgão";"Nome Órgão";"Código UG";"Nome UG";"Data Assinatura Contrato";"Data Publicação DOU";"Data Início Vigência";"Data Fim Vigência";"Código Contratado";"Nome Contratado";"Valor Inicial Compra";"Valor Final Compra";"Número Licitação";"Código UG Licitação";"Nome UG Licitação";"Código Modalidade Compra Licitação";"Modalidade Compra Licitação"
"182022";"Objeto: CONTRATAÇÃO DE SERVIÇOS CONTINUADOS DE LIMPEZA E CONSERVAÇÃO COM ALOCAÇÃO DE MÃO DE OBRA EXCLUSIVA, SENDO SERVENTE DE LIMPEZA INCLUINDO O FORNECIMENTO DE INSUMOS E EQUIPAMENTO, COM DISPONIBILIZAÇÃO DE MÃO DE OBRA EM REGIME DE DEDICAÇÃO EXCLUSIVA, QUE SERÃO PRESTADOS NAS CONDIÇÕES ESTABELECIDAS NO TERMO DE REFERÊNCIA, ANEXO DO EDITAL.";"";"Pregão";"Não se aplica";"26000";"Ministério da Educação";"26414";"Instituto Federal do Mato Grosso";"158950";"INST.FED.MATO GROSSO/CAMPUS SORRISO";"25/11/2022";"05/12/2022";"05/12/2022";"05/06/2024";"00482840000138";"LIDERANCA LIMPEZA E CONSERVACAO LTDA";"678575,8800";"678575,8800";"000632022";"158144";"INST.FED.DE EDUC.,CIENC.E TEC.DO MATO GROSSO";"5";"Pregão"
"102021";"Objeto: O OBJETO DO PRESENTE TERMO DE CONTRATO É A AQUISIÇÃO DE DESKTOP ULTRACOMPACTO TIPO II  , CONFORME ESPECIFICAÇÕES E QUANTITATIVOS ESTABELECIDOS NO TERMO DE REFERÊNCIA, ANEXO DO EDITAL.";"";"Sem Informação";"Não se aplica";"26000";"Ministério da Educação";"26412";"Instituto Federal do Sul de Minas Gerais";"154811";"IFSULDEMINAS - CAMPUS POUSO ALEGRE";"10/12/2021";"29/12/2022";"10/12/2021";"10/12/2022";"72381189001001";"DELL COMPUTADORES DO BRASIL LTDA";"10599,0000";"10599,0000";"-3";"";"";"";""
"182022";"Objeto: CONTRATAÇÃO DE SOLUÇÃO DE TECNOLOGIA DA INFORMAÇÃO E COMUNICAÇÃO DE CLUSTER.";"";"Pregão";"Não se aplica";"52000";"Ministério da Defesa";"52121";"Comando do Exército";"160528";"BASE ADMINISTRATIVA DO C COM G EX";"23/11/2022";"05/12/2022";"23/11/2022";"22/11/2023";"27127233000106";"EMERSON LOPPNOW DE CARVALHO COMERCIO VAREJISTA DE EQUIPAMENTOS E SUPRIMENTOS DE";"183986,9000";"183986,9000";"000302022";"160528";"BASE ADMINISTRATIVA DO C COM G EX";"5";"Pregão"
"312022";"Objeto: AQUISIÇÃO DE PEÇAS, COMPONENTES, ACESSÓRIOS E INSUMOS PARA APLICAÇÃO NA MANUTENÇÃO PREVENTIVA E CORRETIVA DAS VBTP MSR 6X6 GUARANI";"";"Pregão - Registro de Preço";"Não se aplica";"52000";"Ministério da Defesa";"52121";"Comando do Exército";"160524";"15 BATALHAO LOGISTICO";"18/11/2022";"05/12/2022";"25/11/2022";"25/11/2023";"36519422000115";"ON-HIGHWAY BRASIL LTDA.";"119164,0000";"119164,0000";"000012022";"160524";"15 BATALHAO LOGISTICO";"-99";"Pregão - Registro de Preço"
"302022";"Objeto: CONTRATAÇÃO DE PRESTAÇÃO DE SERVIÇOS CONTINUADOS DE DESINSETIZAÇÃO E DESRATIZAÇÃO PARA ATENDER ÀS NECESSIDADESDO HOSPITAL, ODONTOCLINICA E FISIOTERAPIA DO ESQUADRÃO DE SAÚDE DE PIRASSUNUNGA.";"";"Pregão";"Não se aplica";"52000";"Ministério da Defesa";"52111";"Comando da Aeronáutica";"120060";"ACADEMIA DA FORCA AEREA";"03/11/2022";"05/12/2022";"01/12/2022";"01/12/2023";"04170837000130";"IMUNI CONTROL DEDETIZADORA E IMUNIZADORA LTDA";"5980,0000";"5980,0000";"000122022";"120060";"ACADEMIA DA FORCA AEREA";"5";"Pregão"
"312022";"Objeto: O OBJETO DO PRESENTE INSTRUMENTO É A CONTRATAÇÃO DE SERVIÇO COMUM DE ENGENHARIA PARA MANUTENÇÃO E CONSERVAÇÃO DE BENS IMÓVEIS E CORRELATOS, COM A FINALIDADE DE REPARAÇÃO DAS INSTALAÇÕES DOS ALOJAMENTOS DO CORPO FEMININO DO DECEA";"";"Pregão - Registro de Preço";"Não se aplica";"52000";"Ministério da Defesa";"52111";"Comando da Aeronáutica";"120645";"GRUPAMENTO DE APOIO DO GALEAO";"23/05/2022";"23/12/2022";"23/05/2022";"23/12/2022";"04953896000184";"METSOM CONSTRUCOES LTDA";"46504,5000";"46504,5000";"000042021";"120645";"GRUPAMENTO DE APOIO DO GALEAO";"-99";"Pregão - Registro de Preço"
"342021";"Objeto: CONTRATAÇÃO DE SERVIÇOS COMUNS DE MANUTENÇÃO PREDIAL PARA AS EDIFICAÇÕES DE RESPONSABILIDADE DA POLÍCIA RODOVIÁRIA FEDERAL EM MINAS GERAIS";"";"Pregão - Registro de Preço";"Não se aplica";"30000";"Ministério da Justiça e Segurança Pública";"30802";"Departamento de Polícia Rodoviária Federal";"200115";"SUPERINTENDENCIA DA PRF EM MINAS GERAIS";"28/12/2021";"29/12/2022";"28/12/2021";"28/12/2022";"35092847000128";"P H M ENGENHARIA LTDA";"407770,1700";"407770,1700";"000082021";"200115";"SUPERINTENDENCIA DA PRF EM MINAS GERAIS";"-99";"Pregão - Registro de Preço"
"412022";"Objeto: CONTRATAÇÃO DO SERVIÇO DE PORTARIA DIURNA E NOTURNA PARA O IFFAR CAMPUS AVANÇADO URUGUAIANA.";"";"Pregão - Registro de Preço";"Não se aplica";"26000";"Ministério da Educação";"26420";"Instituto Federal Farroupilha";"158503";"INSTITUTO FEDERAL FARROUPILH CAMPUS SAO BORJA";"25/11/2022";"01/12/2022";"19/12/2022";"19/06/2025";"21419761000152";"SAMMA SERVICOS LTDA";"405876,6000";"405876,6000";"000432021";"158127";"INST.FED.DE EDUC.,CIENC.E TEC.FARROUPILHA";"-99";"Pregão - Registro de Preço"
"12322022";"Objeto: CONTRATAÇÃO DE EMPRESA ESPECIALIZADA EM SERVIÇO DE TRANSPORTE DE ANIMAIS, CONFORME ESPECIFICAÇÕES E QUANTITATIVOS ESTABELECIDOS NO TERMO DE REFERÊNCIA.";"";"Sem Informação";"Não se aplica";"26000";"Ministério da Educação";"26271";"Fundação Universidade de Brasília";"154040";"FUNDACAO UNIVERSIDADE DE BRASILIA - FUB";"25/11/2022";"01/12/2022";"25/11/2022";"25/11/2023";"10315821000170";"ROBERTO GIANNICHI FILHO";"22100,0000";"22100,0000";"-3";"";"";"";""
"942022";"Objeto: AQUISIÇÃO DO INSUMO FARMACÊUTICO ATIVO CABERGOLINA .";"";"Inexigibilidade de Licitação";"Não se aplica";"36000";"Ministério da Saúde";"36201";"Fundação Oswaldo Cruz";"254446";"INSTITUTO DE TECNOLOGIA EM FARMACOS";"29/11/2022";"01/12/2022";"29/11/2022";"18/04/2023";"44734671000151";"CRISTALIA PRODUTOS QUIMICOS FARMACEUTICOS LTDA";"1266052,5000";"1266052,5000";"000432022";"254446";"INSTITUTO DE TECNOLOGIA EM FARMACOS";"7";"Inexigibilidade de Licitação"
"192021";"Objeto: LABORATÓRIO CLÍNICO";"";"Inexigibilidade de Licitação";"Não se aplica";"52000";"Ministério da Defesa";"52121";"Comando do Exército";"160411";"7 BATALHAO DE INFANTARIA BLINDADO";"06/12/2021";"07/12/2022";"06/12/2021";"06/12/2022";"92521061000112";"S MEERT E CIA. LTDA";"100000,0000";"100000,0000";"000102021";"160411";"7 BATALHAO DE INFANTARIA BLINDADO";"7";"Inexigibilidade de Licitação"
"1072022";"Objeto: AQUISIÇÃO DE RADIOFÁRMACOS PARA USO HUMANO E COM O DEVIDO REGISTRO JUNTO À ANVISA";"";"Inexigibilidade de Licitação";"Não se aplica";"52000";"Ministério da Defesa";"52111";"Comando da Aeronáutica";"120195";"CENTRO DE AQUISICOES ESPECIFICAS";"08/08/2022";"23/12/2022";"08/08/2022";"08/08/2023";"00402552000550";"COMISSAO NACIONAL DE ENERGIA NUCLEAR";"394672,6200";"394672,6200";"000532021";"120195";"CENTRO DE AQUISICOES ESPECIFICAS";"7";"Inexigibilidade de Licitação"
"1592022";"Objeto: AQUISIÇÃO DE VEÍCULOS PARA UTILIZAÇÃO NAS ATIVIDADES DAS ORGANIZAÇÕES MILITARES DA FORÇA AÉREA BRASILEIRA.";"";"Pregão - Registro de Preço";"Não se aplica";"52000";"Ministério da Defesa";"52111";"Comando da Aeronáutica";"120195";"CENTRO DE AQUISICOES ESPECIFICAS";"27/10/2022";"30/12/2022";"27/10/2022";"27/10/2023";"54305743001170";"HPE AUTOMOTORES DO BRASIL LTDA";"265458,0000";"265458,0000";"002392021";"120195";"CENTRO DE AQUISICOES ESPECIFICAS";"-99";"Pregão - Registro de Preço"
"92022";"Objeto: CONTRATAÇÃO DE SERVIÇOS DE CONTINUADOS DE MANUTENÇÃO PREVENTIVA E CORRETIVA, COM FORNECIMENTO DE MATERIAL, DE CÂMARAS FRIGORÍFICAS";"";"Pregão";"Não se aplica";"52000";"Ministério da Defesa";"52111";"Comando da Aeronáutica";"120638";"BASE AEREA DE CAMPO GRANDE";"07/10/2022";"01/12/2022";"07/10/2022";"07/10/2023";"04048465000173";"ELETROTECNICA PANTANAL LTDA";"159798,0000";"159798,0000";"000232021";"120638";"BASE AEREA DE CAMPO GRANDE";"5";"Pregão"
"712021";"Objeto: É OBJETO DO PRESENTE CONTRATO A REALIZAÇÃO PELA CONTRATADA DA GESTÃO FINANCEIRA DO PROJETO 'PROJETO DE AMPLIAÇÃO DO LABORATÓRIO FEMECMAKER', CONFORME DETALHADO NO PLANO DE TRABALHO";"";"Dispensa de Licitação";"Não se aplica";"26000";"Ministério da Educação";"26274";"Fundação Universidade Federal de Uberlândia";"154043";"FUNDACAO UNIVERSIDADE FEDERAL DE UBERLANDIA";"20/12/2021";"20/12/2022";"20/12/2021";"31/12/2023";"21238738000161";"FUNDACAO DE APOIO UNIVERSITARIO";"100000,0000";"100000,0000";"000472021";"154043";"FUNDACAO UNIVERSIDADE FEDERAL DE UBERLANDIA";"6";"Dispensa de Licitação"
"262021";"Objeto: MOINHO TRITURADOR, TRITURADOR FORRAGEIRO COMPLETO, PARA DESINTEGRAR, MOER E PICAR CAPIM, MILHO, CANA, MANDIOCA,ETC; MOTOR ELÉTRICO COM POTÊNCIA MÍNIMA DE 3CV, MÍNIMO 2 LÂMINAS, ALIMENTAÇÃO ELÉTRICA MONOFÁSICA 110/220V E 60HZ, COM CAVALETE E BASE PARA O MOTOR. MÍNIMO DE 5 PENEIRAS, INCLUINDO PENEIRA LISA. COM LOGOMARCA DO DNOCS, ADESIVADA EM LOCAL VISÍVEL.";"";"Pregão";"Não se aplica";"53000";"Ministério do Desenvolvimento Regional";"22204";"Departamento Nacional de Obras Contra as Seca";"193008";"DNOCS - CEST/SE ARACAJU - SE";"27/12/2021";"27/12/2022";"27/12/2021";"27/12/2022";"07534706000182";"H. L. R. DE OLIVEIRA PRODUTOS AGRICOLAS";"489872,0000";"489872,0000";"000042021";"193008";"DNOCS - CEST/SE ARACAJU - SE";"5";"Pregão"
"762021";"Objeto: O OBJETO DO PRESENTE TERMO DE CONTRATO É A AQUISIÇÃO DE EQUIPAMENTOS DE COMBATE A INCÊNDIOS E OUTROS MATERIAIS A SEREM UTILIZADOS PELOS BRIGADISTAS CONTRATADOS TEMPORARIAMENTE PELO IBAMA, VISANDO ÀS ATIVIDADES DE PREVENÇÃO E COMBATE AOS INCÊNDIOS FLORESTAIS NO BRASIL.";"";"Pregão - Registro de Preço";"Não se aplica";"44000";"Ministério do Meio Ambiente";"20701";"Instituto Brasileiro do Meio Ambiente e dos R";"193099";"IBAMA-INST.BRAS.DO MEIO AMB.E DOS REC.NAT.REN";"31/12/2021";"07/12/2022";"31/12/2021";"31/12/2022";"05295219000189";"TECNOAGRO PROJETOS E REPRESENTACOES LTDA";"4026666,7200";"4026666,7200";"000312021";"193099";"IBAMA-INST.BRAS.DO MEIO AMB.E DOS REC.NAT.REN";"-99";"Pregão - Registro de Preço"
"92021";"Objeto: CONTRATAÇÃO DE SERVIÇOS DE EMPRESA ESPECIALIZADA PARA PRESTAÇÃO PRESENCIAL DE SERVIÇO DE PROJETO E MANUTENÇÃO DE SOFTWARE COM UTILIZAÇÃO DE PRÁTICAS ÁGEIS.";"";"Pregão";"Não se aplica";"52000";"Ministério da Defesa";"52121";"Comando do Exército";"160056";"2º CENTRO DE GEOINFORMACAO";"03/12/2021";"15/12/2022";"06/12/2021";"05/12/2022";"08188158000149";"HOMINUS GESTAO E TECNOLOGIA LTDA";"2213120,0000";"2213120,0000";"000042021";"160056";"2º CENTRO DE GEOINFORMACAO";"5";"Pregão"
"222022";"Objeto: AQUISIÇÃO DE FERRAMENTAL PARA MANUTENÇÃO E EQUIPAMENTOS ESPECIALIZADOS PARA MANUTENÇÃO DE VIATURAS VBTP GUARANI";"";"Pregão - Registro de Preço";"Não se aplica";"52000";"Ministério da Defesa";"52121";"Comando do Exército";"160524";"15 BATALHAO LOGISTICO";"18/11/2022";"05/12/2022";"25/11/2022";"25/11/2023";"81616765000152";"METAL TECNICA BOVENAU LTDA";"464180,6000";"464180,6000";"000102022";"160524";"15 BATALHAO LOGISTICO";"-99";"Pregão - Registro de Preço"
"252021";"Objeto: A AQUISIÇÃO FUTURA, CARGA, TRANSPORTE E DESCARGA, CONFORME CONDIÇÕES, QUANTIDADES EEXIGÊNCIAS ESTABELECIDAS, ESPECIFICADO NO ITEM V, CONFORME EDITAL DE PREGÃO Nº 0002/2021.ITEM V- RETROESCAVADEIRA";"";"Pregão";"Não se aplica";"53000";"Ministério do Desenvolvimento Regional";"22204";"Departamento Nacional de Obras Contra as Seca";"193008";"DNOCS - CEST/SE ARACAJU - SE";"07/12/2021";"07/12/2022";"07/12/2021";"07/12/2022";"14707364000110";"XCMG BRASIL INDUSTRIA LTDA";"4484720,0000";"4484720,0000";"000022021";"193008";"DNOCS - CEST/SE ARACAJU - SE";"5";"Pregão"
"462019";"Objeto: SERVIÇOS DE MANUTENÇÃO CORRETIVA E PREVENTIVA DO APARELHO TOMÓGRAFO COMPUTADORIZADO DE FEIXE CÔNICO, MARCA I-CAT IMAGING SCIENCES INTERNATIONAL (HATFIELD, PENSILVÂNIA, EUA), NÚMERO DE SÉRIE ICU 081414";"";"Inexigibilidade de Licitação";"Não se aplica";"26000";"Ministério da Educação";"26237";"Universidade Federal de Juiz de Fora";"153061";"UNIVERSIDADE FEDERAL DE JUIZ DE FORA";"21/08/2019";"30/12/2022";"01/09/2019";"25/08/2022";"84683556000110";"KAVO DO BRASIL INDUSTRIA E COMERCIO LTDA";"8640,0000";"8640,0000";"000572019";"153061";"UNIVERSIDADE FEDERAL DE JUIZ DE FORA";"7";"Inexigibilidade de Licitação"
"12022";"Objeto: SERVIÇOS DE ORTOPEDIA E TRAUMATOLOGIA NAS ÁREAS DE OMBRO E COTOVELO, QUADRIL, COLUNA VERTEBRAL, JOELHO E PÉ, DERMATOLOGIA, ATIVIDADES MÉDICAS AMBULATORIAL COM REALIZAÇÃO DE EXAMES COMPLEMENTARES, DIAGNÓSTICO POR IMAGEM E ATIVIDADES DE FISIOTERAPIA";"";"Inexigibilidade de Licitação";"Não se aplica";"52000";"Ministério da Defesa";"52131";"Comando da Marinha";"783330";"CAPITANIA DOS PORTOS DA PARAIBA";"19/12/2021";"20/12/2022";"19/12/2021";"19/12/2022";"03572822000135";"TRADE TRAUMATOLOGIA E DERMATOLOGIA LTDA";"9756,9700";"9756,9700";"000012022";"783330";"CAPITANIA DOS PORTOS DA PARAIBA";"7";"Inexigibilidade de Licitação"
"662021";"Objeto: SERVIÇO";"";"Inexigibilidade de Licitação";"Não se aplica";"52000";"Ministério da Defesa";"52121";"Comando do Exército";"160127";"4 GRUPO DE ARTILHARIA ANTIAEREA";"17/12/2021";"22/12/2022";"01/01/2022";"31/12/2022";"21610514000139";"CLIMESP - CLINICA MEDICA E PSICOLOGICA LTDA.";"30000,0000";"30000,0000";"000112021";"160127";"4 GRUPO DE ARTILHARIA ANTIAEREA";"7";"Inexigibilidade de Licitação"
"112020";"Objeto: FORNECIMENTO DE ENERGIA ELÉTRICA";"";"Dispensa de Licitação";"Não se aplica";"26000";"Ministério da Educação";"26427";"Instituto Federal da Bahia";"158409";"INST. FED. DA BAHIA/CAMPUS VIT. DA CONQUISTA";"15/12/2020";"12/12/2022";"15/12/2020";"15/12/2022";"15139629000194";"COMPANHIA DE ELETRICIDADE DO ESTADO DA BAHIA COELBA";"288000,0000";"288000,0000";"000022014";"158409";"INST. FED. DA BAHIA/CAMPUS VIT. DA CONQUISTA";"6";"Dispensa de Licitação"
"22022";"Objeto: AQUISIÇÃO DE INSUMOS PARA O SERVIÇO DE OFTALMOLOGIA, CONFORME ESPECIFICAÇÕES E QUANTITATIVOS ESTABELECIDOS NO TERMO DE REFERÊNCIA.";"";"Inexigibilidade de Licitação";"Não se aplica";"26000";"Ministério da Educação";"26443";"Empresa Brasileira de Serviços Hospitalares";"155019";"HOSPITAL UNIVERSITARIO JULIO MULLER";"13/10/2022";"14/12/2022";"17/10/2022";"17/04/2023";"96382429000160";"ADAPT PRODUTOS OFTALMOLOGICOS LTDA";"352440,9000";"352440,9000";"000212022";"155019";"HOSPITAL UNIVERSITARIO JULIO MULLER";"7";"Inexigibilidade de Licitação"
"512022";"Objeto: SERVIÇO DE DEDETIZAÇÃO, DESRATIZAÇÃO E DESINSETIZAÇÃO CARONA UASG 160343 / PR 15/2022";"";"Pregão - Registro de Preço";"Não se aplica";"26000";"Ministério da Educação";"26243";"Universidade Federal do Rio Grande do Norte";"153103";"UNIVERSIDADE FEDERAL DO RIO GRANDE DO NORTE";"25/11/2022";"02/12/2022";"01/12/2022";"01/12/2023";"04475382000160";"ESTRELA DO NORTE LTDA";"23328,9000";"23328,9000";"000152022";"153103";"UNIVERSIDADE FEDERAL DO RIO GRANDE DO NORTE";"-99";"Pregão - Registro de Preço"
"212019";"Objeto: CONTRATAÇÃO DE LEILOEIRO OFICIAL PARA ORGANIZAÇÃO, DIVULGAÇÃO E REALIZAÇÃO DE LEILÕES ELETRÔNICOS DOS BENS E VEÍCULOS DE TERCEIROS RETIDOS, RECOLHIDOS, REMOVIDOS OU ABANDONADOS A QUALQUER TÍTULO AOS PÁTIOS DAS DELEGACIAS OU CONVENIADOS, COMPARTILHADOS, OU DE EMPRESA CONTRATADA PARA REMOÇÃO E GUARDA, VINCULADOS À CIRCUNSCRIÇÃO DA SUPERINTENDÊNCIA DA POLÍCIA RODOVIÁRIA FEDERAL NO AMAPÁ - SPRF/AP, CONFORME CONDIÇÕES, QUANTIDADES E EXIGÊNCIAS ESTABELECIDAS NESTE INSTRUMENTO E NO TERMO DE REFERÊNCIA, ANEXO DO ED";"";"Sem Informação";"Não se aplica";"30000";"Ministério da Justiça e Segurança Pública";"30802";"Departamento de Polícia Rodoviária Federal";"200233";"SUPERINTENDENCIA DA PRF NO AMAPA";"23/12/2019";"26/12/2022";"26/12/2019";"26/12/2023";"01685702899";"JOSE CARLOS ZINGRA";"0,0000";"0,0000";"-3";"";"";"";""
"492022";"Objeto: TRANSPORTE DE BAGAGEM E AUTO";"";"Pregão - Registro de Preço";"Não se aplica";"52000";"Ministério da Defesa";"52111";"Comando da Aeronáutica";"120632";"BASE AEREA DE RECIFE";"25/11/2022";"26/12/2022";"25/11/2022";"25/11/2023";"11292432000130";"5 ESTRELAS SOLUTION EM TRANSPORTES E LOGISTICAS LTDA";"329827,9600";"329827,9600";"000722021";"120636";"GRUPAMENTO DE APOIO DE LAGOA SANTA";"-99";"Pregão - Registro de Preço"
"462022";"Objeto: CONTRATAÇÃO DE EMPRESA DE ENGENHARIA PARA INSTALAÇÃO DO CASTELO D'ÁGUA DO SERVIÇO DE RECRUTAMENTO E PREPARO DE PESSOAL DA AERONÁUTICA DE RECIFE (SEREP-RF)";"";"Pregão";"Não se aplica";"52000";"Ministério da Defesa";"52111";"Comando da Aeronáutica";"120632";"BASE AEREA DE RECIFE";"11/10/2022";"13/12/2022";"11/10/2022";"11/10/2023";"20519592000160";"MJM ENGENHARIA E EQUIPAMENTOS EIRELI";"66484,2000";"66484,2000";"000772022";"120632";"BASE AEREA DE RECIFE";"5";"Pregão"
"522021";"Objeto: SERVIÇO";"";"Inexigibilidade de Licitação";"Não se aplica";"52000";"Ministério da Defesa";"52121";"Comando do Exército";"160127";"4 GRUPO DE ARTILHARIA ANTIAEREA";"17/12/2021";"23/12/2022";"01/01/2022";"31/12/2022";"25000332000105";"LABORATORIO MONSENHOR MESSIAS LTDA";"15000,0000";"15000,0000";"000112021";"160127";"4 GRUPO DE ARTILHARIA ANTIAEREA";"7";"Inexigibilidade de Licitação"
"162021";"Objeto: ENDODONTIA";"";"Inexigibilidade de Licitação";"Não se aplica";"52000";"Ministério da Defesa";"52121";"Comando do Exército";"160411";"7 BATALHAO DE INFANTARIA BLINDADO";"06/12/2021";"07/12/2022";"06/12/2021";"06/12/2022";"01700470086";"ANDREA DA MAIA MANZKE";"100000,0000";"100000,0000";"000112021";"160411";"7 BATALHAO DE INFANTARIA BLINDADO";"7";"Inexigibilidade de Licitação"
"82021";"Objeto: AQUISIÇÃO DE UNIDADE MODULAR, SALA DE AULA COM ÁREA TOTAL DE 96,50M², CONFORME ESPECIFICAÇÕES E QUANTITATIVOS ESTABELECIDOS NO TERMO DE REFERÊNCIA, ANEXO DO EDITAL.";"";"Pregão - Registro de Preço";"Não se aplica";"26000";"Ministério da Educação";"26429";"Instituto Federal de Educação, Ciência e Tecn";"158432";"INST.FED.DE GOIAS/CAMPUS INHUMAS";"16/12/2021";"22/12/2022";"28/12/2021";"28/12/2022";"09176584000125";"ITP INDUSTRIA, COMERCIO E SERVICOS DE TUBOS & PERFIS LTDA";"302400,0000";"302400,0000";"000192020";"158152";"INST.FED.DE EDUC.,CIENC.E TEC.DE RORAIMA";"-99";"Pregão - Registro de Preço"
"52018";"Objeto: CONCESSÃO DE USO DE ESPAÇO FÍSICO COM METRAGEM TOTAL DE 107,34 M² PARA EXPLORAÇÃO COMERCIAL DO TIPO CANTINA, POR PESSOA JURÍDICA, NAS DEPENDÊNCIAS DA UNIVERSIDADE FEDERAL DE JUIZ DE FORA - UFJF, NO INSTITUTO DE CIÊNCIAS BIOLÓGICAS (ICB), LOCALIZADO NO CAMPUS DA UNIVERSIDADE FEDERAL DE JUIZ DE FORA, NA CIDADE DE JUIZ DE FORA - MG, VISANDO ATENDER ÀS DEMANDAS ROTINEIRAS DE ALUNOS, PROFESSORES, TÉCNICO-ADMINISTRATIVOS, ESTAGIÁRIOS, TERCEIRIZADOS E VISITANTES EVENTUAIS, NOS DIAS E HORÁRIOS DE FUNCIONAMENTO DA I";"";"Pregão";"Não se aplica";"26000";"Ministério da Educação";"26237";"Universidade Federal de Juiz de Fora";"153061";"UNIVERSIDADE FEDERAL DE JUIZ DE FORA";"19/01/2018";"30/12/2022";"10/09/2018";"25/08/2022";"04435637000161";"DDM FEST BUFFET E LANCHONETE LTDA";"52631,2800";"54240,3600";"000432018";"153061";"UNIVERSIDADE FEDERAL DE JUIZ DE FORA";"5";"Pregão"
"1202022";"Objeto: PRESTAÇÃO DE SERVIÇOS DE SAÚDE";"";"Inexigibilidade de Licitação";"Não se aplica";"52000";"Ministério da Defesa";"52121";"Comando do Exército";"160345";"HOSPITAL DE GUARNICAO DE NATAL";"05/04/2022";"05/12/2022";"11/04/2022";"31/12/2022";"08372567000109";"CLINICA DE OLHOS SANTO ANDRE LTDA";"420000,0000";"420000,0000";"000012022";"160345";"HOSPITAL DE GUARNICAO DE NATAL";"7";"Inexigibilidade de Licitação"
"82022";"Objeto: PRESTAÇÃO DE SERVIÇO DE HOSPEDAGEM EM HOTEL PARA OS PARTICIPANTES DA 6ª ESCOLA AVANÇADA DE FÍSICA EXPERIMENTAL - 6ª EAFEXP.";"";"Pregão";"Não se aplica";"24000";"Ministério da Ciência, Tecnologia, Inovações ";"24000";"Ministério da Ciência, Tecnologia, Inovações ";"240120";"CENTRO BRASILEIRO DE PESQUISAS FISICAS";"01/11/2022";"01/12/2022";"29/01/2023";"27/02/2023";"28498016000195";"VIP TOUR EVENTOS E TURISMO EIRELI";"97997,9000";"97997,9000";"000042022";"240120";"CENTRO BRASILEIRO DE PESQUISAS FISICAS";"5";"Pregão"
"272022";"Objeto: AQUISIÇÃO DE SOBRESSALENTES DE ARMAMENTO, CONFORME ESPECIFICAÇÕES E QUANTITATIVOS ESTABELECIDOS NO PROJETO BÁSICO";"";"Inexigibilidade de Licitação";"Não se aplica";"52000";"Ministério da Defesa";"52121";"Comando do Exército";"160524";"15 BATALHAO LOGISTICO";"16/11/2022";"05/12/2022";"22/11/2022";"21/04/2023";"57494031000163";"COMPANHIA BRASILEIRA DE CARTUCHOS";"13678,0000";"13678,0000";"000032022";"160524";"15 BATALHAO LOGISTICO";"7";"Inexigibilidade de Licitação"
"92022";"Objeto: CONTRATAÇÃO SERVIÇOS DE TELEFONIA FIXA PARA O CÂMPUS ITUMBIARA DO IFG.";"";"Dispensa de Licitação";"Não se aplica";"26000";"Ministério da Educação";"26429";"Instituto Federal de Educação, Ciência e Tecn";"158433";"INST.FED.DE GOIAS/CAMPUS ITUMBIARA";"28/11/2022";"02/12/2022";"01/12/2022";"01/12/2023";"71208516000174";"ALGAR TELECOM S/A";"15745,0000";"15745,0000";"000392022";"158153";"INST.FED.DE EDUC.,CIENC.E TEC.DE GOIAS";"6";"Dispensa de Licitação"
"432022";"Objeto: CONTRATAÇÃO DE SERVIÇOS DE MANUTENÇÃO DE VIATURAS COM FORNECIMENTO DE PEÇAS";"";"Pregão - Registro de Preço";"Não se aplica";"52000";"Ministério da Defesa";"52121";"Comando do Exército";"160116";"17º BATALHAO LOGISTICO LEVE-MONTANHA";"14/11/2022";"01/12/2022";"16/11/2022";"15/11/2023";"24377448000197";"UNITY COMERCIO E SERVICOS AUTOMOTIVOS LTDA";"8034,4500";"8034,4500";"000112021";"160116";"17º BATALHAO LOGISTICO LEVE-MONTANHA";"-99";"Pregão - Registro de Preço"
"262022";"Objeto: CONTRATAÇÃO DE SERVIÇO COMUM DE ENGENHARIA PARA MANUTENÇÃO PREDIAL, QUE SERÁ PRESTADO NAS CONDIÇÕES ESTABELECIDAS NO TERMO DE REFERÊNCIA E DEMAIS DOCUMENTOS TÉCNICOS QUE SE ENCONTRAM ANEXOS AO EDITAL.";"";"Pregão - Registro de Preço";"Não se aplica";"52000";"Ministério da Defesa";"52111";"Comando da Aeronáutica";"120006";"GRUPAMENTO DE APOIO DE BRASILIA";"25/11/2022";"02/12/2022";"01/12/2022";"24/05/2023";"23200199000105";"PRO-HAB CONSTRUCOES LTDA";"177433,7000";"177433,7000";"000552022";"120006";"GRUPAMENTO DE APOIO DE BRASILIA";"-99";"Pregão - Registro de Preço"
"1082021";"Objeto: VIATURA DE TRANSPORTE DE PESSOAL, 7 PASSAGEIROS, COR BRANCA E VIATURA DE TRANSPORTE PESSOAL, TIPO SEDAN COMPACTO, COR PRETO, CONFORME EDITAL E SEUS ANEXOS.";"";"Pregão - Registro de Preço";"Não se aplica";"52000";"Ministério da Defesa";"52121";"Comando do Exército";"160069";"CENTRO DE OBTENCOES DO EXERCITO";"09/12/2021";"15/12/2022";"09/12/2021";"04/12/2022";"16701716000156";"FCA FIAT CHRYSLER AUTOMOVEIS BRASIL LTDA.";"384464,9900";"384464,9900";"000242020";"160069";"CENTRO DE OBTENCOES DO EXERCITO";"-99";"Pregão - Registro de Preço"
"422020";"Objeto: CONTRATAÇÃO DE EMPRESA ESPECIALIZADA NA ELABORAÇÃO DE PROJETOS DE ARQUITETURA E ENGENHARIA PARA REFORMA E AMPLIAÇÕES PARA ATENDER ÀS NECESSIDADES DE REESTRUTURAÇÃO FÍSICA DOS HOSPITAIS UNIVERSITÁRIOS FEDERAIS, FILIAIS DA EMPRESA BRASILEIRA DE SERVIÇOS HOSPITALARES (EBSERH).";"";"Pregão - Registro de Preço";"Não se aplica";"26000";"Ministério da Educação";"26443";"Empresa Brasileira de Serviços Hospitalares";"155012";"HOSP UNIVERSITARIO CASSIANO ANTONIO DE MORAES";"17/07/2020";"23/12/2022";"17/07/2020";"16/08/2021";"32087991000188";"ARQHOS CONSULTORIA E PROJETOS";"69760,5000";"69760,5000";"000062020";"155012";"HOSP UNIVERSITARIO CASSIANO ANTONIO DE MORAES";"-99";"Pregão - Registro de Preço"
"232022";"Objeto: CONTRATAÇÃO DE SERVIÇOS DE OUTSOURCING DE ESTAÇÕES DE TRABALHO COMPLETAS PARA RENOVAÇÃO DO PARQUE INSTALADO DAS SUPERINTENDÊNCIAS DA POLÍCIA RODOVIÁRIA FEDERAL, QUE SERÃO PRESTADOS NAS CONDIÇÕES ESTABELECIDAS NO TERMO DE REFERÊNCIA, ANEXO DO EDITAL";"";"Pregão - Registro de Preço";"Não se aplica";"30000";"Ministério da Justiça e Segurança Pública";"30802";"Departamento de Polícia Rodoviária Federal";"200112";"SUPERINTENDENCIA DA PRF NO CEARA";"29/07/2022";"30/12/2022";"29/07/2022";"29/07/2026";"07432517000107";"SIMPRESS COMERCIO LOCACAO E SERVICOS LTDA";"723600,0000";"723600,0000";"000052021";"200119";"SUPERINTENDENCIA DA PRF NO RIO GRANDE DO SUL";"-99";"Pregão - Registro de Preço"
"122022";"Objeto: SERVIÇOS ADEQUAÇÃO DE CALÇADAS, COM LIMPEZA DE TERRENO, APLICAÇÃO DE CONCRETO, PINTURA DE FAIXAS DE PEDESTRE E SERVIÇOS ACESSÓRIOS PARA O CAMPUS ITABIRA DA UNIVERSIDADE FEDERAL DE ITAJUBÁ";"";"Pregão";"Não se aplica";"26000";"Ministério da Educação";"26261";"Universidade Federal de Itajubá";"158161";"UNIVERSIDADE FEDERAL ITAJUBA-CAMPUS ITABIRA";"28/11/2022";"30/12/2022";"12/12/2022";"12/12/2023";"20368709000151";"PIMENTA E SANTOS LTDA";"186618,8800";"186618,8800";"000392022";"158161";"UNIVERSIDADE FEDERAL ITAJUBA-CAMPUS ITABIRA";"5";"Pregão"
"142022";"Objeto: SERVIÇOS E VENDAS DE PRODUTOS POSTAIS, DE SERVIÇOS POSTAIS";"";"Inexigibilidade de Licitação";"Não se aplica";"52000";"Ministério da Defesa";"52131";"Comando da Marinha";"783330";"CAPITANIA DOS PORTOS DA PARAIBA";"14/12/2020";"15/12/2022";"15/12/2020";"15/12/2022";"34028316001932";"EMPRESA BRASILEIRA DE CORREIOS E TELEGRAFOS";"2,6800";"2,6800";"000142022";"783330";"CAPITANIA DOS PORTOS DA PARAIBA";"7";"Inexigibilidade de Licitação"
"512022";"Objeto: SERVIÇOS DE TRANSPORTE DE BAGAGEM E AUTO";"";"Pregão - Registro de Preço";"Não se aplica";"52000";"Ministério da Defesa";"52111";"Comando da Aeronáutica";"120632";"BASE AEREA DE RECIFE";"25/11/2022";"26/12/2022";"25/11/2022";"25/11/2023";"10781353000120";"REI DE OURO MUDANCAS E TRANSPORTES EIRELI";"105660,0000";"105660,0000";"000832021";"120636";"GRUPAMENTO DE APOIO DE LAGOA SANTA";"-99";"Pregão - Registro de Preço"
"1022022";"Objeto: SRSUL/SC - EMPENHO - CONTRATO NOVO - LOCAÇÃO DE VEÍCULOS PARA SANTA CATARINA - PROCESSO N° 35014.104196/2022-50 - PREGÃO N° 25/2022 - VIGÊNCIA 20/11/2022 A 20/11/2023 - DESPACHO AUTORIZATIVO DA DESPESA SRSUL 9623502";"";"Pregão";"Não se aplica";"40000";"Ministério do Trabalho";"37202";"Instituto Nacional do Seguro Social";"510181";"SUPERINTENDENCIA REGIONAL SUL";"21/11/2022";"01/12/2022";"21/11/2022";"21/11/2023";"00695097000102";"PERTINA LOGISTICA EIRELI";"656310,8400";"656310,8400";"000252022";"510181";"SUPERINTENDENCIA REGIONAL SUL";"5";"Pregão"
"4122022";"Objeto: AQUISIÇÃO DE EQUIPAMENTO - AR CONDICIONADO TIPO CASSETEPEDIDO: 223885 - SEI 25057.014630/2022-51";"";"Pregão - Registro de Preço";"Não se aplica";"36000";"Ministério da Saúde";"36000";"Ministério da Saúde - Unidades com vínculo di";"250057";"INST. NACIONAL DE TRAUMATOLOGIA E ORTOPEDIA";"25/11/2022";"01/12/2022";"30/11/2022";"30/11/2023";"12467682000126";"MAXIMUM COMERCIAL IMPORTADORA E EXPORTADORA LTDA";"141700,0000";"141700,0000";"000822022";"250057";"INST. NACIONAL DE TRAUMATOLOGIA E ORTOPEDIA";"-99";"Pregão - Registro de Preço"
"2602020";"Objeto: CONTRATAÇÃO DA FUNDAÇÃO DE DESENVOLVIMENTO DA PESQUISA (FUNDEP) PARA DAR APOIO AO PROJETO 'ACERVO ARTÍSTICO UFMG: SALVAGUARDA DO PATRIMÔNIO  DE ARTE DA UNIVERSIDADE  FEDERAL DE MINAS GERAIS.";"";"Dispensa de Licitação";"Não se aplica";"26000";"Ministério da Educação";"26238";"Universidade Federal de Minas Gerais";"154459";"PRO-REITORIA DE CULTURA DA UFMG";"29/12/2020";"29/12/2022";"29/12/2020";"29/12/2022";"187209380";"FUNDAÇÃO DE DESENSVOLVIMENTO DA PESQUISA - FUNDEP";"4062234,4000";"4062234,4000";"000322020";"154459";"PRO-REITORIA DE CULTURA DA UFMG";"6";"Dispensa de Licitação"
"22017";"Objeto: CONTRATAÇÃO DE EMPRESA PARA FORNECIMENTO DE TELEFONIA FIXA";"";"Pregão";"Não se aplica";"52000";"Ministério da Defesa";"52121";"Comando do Exército";"160255";"1 BATALHAO DE POLICIA DO EXERCITO";"22/08/2021";"02/12/2022";"22/08/2021";"21/08/2022";"76535764000143";"OI S.A. - EM RECUPERACAO JUDICIAL";"54741,7000";"54741,7000";"000022017";"160255";"1 BATALHAO DE POLICIA DO EXERCITO";"5";"Pregão"
"182022";"Objeto: AQUISIÇÃO DE LICENÇA PARA ACESSO DE PLATAFORMA ELETRÔNICA DE PREÇO PÚBLICO SUGERIDO";"";"Sem Informação";"Não se aplica";"52000";"Ministério da Defesa";"52121";"Comando do Exército";"160116";"17º BATALHAO LOGISTICO LEVE-MONTANHA";"17/11/2022";"01/12/2022";"25/11/2022";"24/11/2023";"02144891000185";"AUDATEX BRASIL SERVICOS LTDA";"5500,0000";"5500,0000";"-3";"";"";"";""
"102021";"Objeto: O OBJETO DO PRESENTE INSTRUMENTO É A CONTRATAÇÃO DE EMPRESA ESPECIALIZADA EM PRESTAÇÃO DE SERVIÇOS DE ANÁLISE DE QUALIDADE DA ÁGUA NAS ÁREAS DE ATENDIMENTO DO HOSPITAL ESCOLA DA UNIVERSIDADE FEDERAL DE PELOTAS HE-UFPEL E EM ÁREAS EXTERNAS AO HOSPITAL, COM A UTILIZAÇÃO DE MÃO DE OBRA ESPECIALIZADA, EQUIPAMENTOS E TODOS OS INSUMOS PARA EXECUÇÃO DO SERVIÇO.";"";"Pregão";"Não se aplica";"26000";"Ministério da Educação";"26443";"Empresa Brasileira de Serviços Hospitalares";"155901";"HOSPITAL ESCOLA DA UFPEL";"02/12/2021";"01/12/2022";"02/12/2021";"01/12/2023";"09579096000169";"TERRANALISES LABORATORIO DE ANALISES AMBIENTAIS LTDA.";"56949,7200";"56949,7200";"000202021";"155901";"HOSPITAL ESCOLA DA UFPEL";"5";"Pregão"
"402021";"Objeto: AQUISIÇÃO DE SISTEMA ININTERRUPTO DE ENERGIA (EQUIPAMENTOS NOBREAKS) PARA RACKS DE TECNOLOGIA DA INFORMAÇÃO E PARA AS REDES ELÉTRICAS VINCULADAS AOS USUÁRIOS DAS UNIDADES REGIONAIS DA CONTROLADORIA-GERAL DA UNIÃO - CGU (CGU-R E SEDE), CONFORME TABELA ABAIXO, CUJOS GRUPOS REFEREM-SE A AQUISIÇÃO POR MEIO DE SISTEMA DE REGISTRO DE PREÇOS DE NOBREAKS OU UPS E BANCOS DE BATERIAS COM AS AUTONOMIAS DESCRITAS, DOTADOS DE SUPERVISÃO LOCAL, CONFORME ESPECIFICAÇÕES E QUANTITATIVOS ESTABELECIDOS NO TERMO DE REFERÊNCIA,";"";"Pregão - Registro de Preço";"Não se aplica";"37000";"Controladoria-Geral da União";"37000";"Controladoria-Geral da União - Unidades com v";"370003";"COORD-GERAL DE LICITACAO,CONTR.E DOCUMENTACAO";"22/12/2021";"23/12/2022";"22/12/2021";"22/12/2024";"05466285000174";"LEISTUNG INDUSTRIA COMERCIO E SERVICOS DE SISTEMAS DE ENERGIA LTDA";"963300,0400";"963300,0400";"000072021";"370003";"COORD-GERAL DE LICITACAO,CONTR.E DOCUMENTACAO";"-99";"Pregão - Registro de Preço"
"252022";"Objeto: ADEQUAÇÃO E REFORMA DA REDE DE ESGOTO DA BAMN E GAP-MN";"";"Concorrência";"Não se aplica";"52000";"Ministério da Defesa";"52111";"Comando da Aeronáutica";"120630";"GRUPAMENTO DE APOIO DE MANAUS";"21/11/2022";"30/12/2022";"14/12/2022";"14/12/2023";"05193500000100";"CONSTRUMAIS CONSTRUCOES E SERVICOS EIRELI";"3201947,0000";"3201947,0000";"000042022";"120630";"GRUPAMENTO DE APOIO DE MANAUS";"3";"Concorrência"
"282022";"Objeto: PREGÃO 15/2021- UASG 155007- SEDE- DESPACHO - SEI GA/MEJC-UFRN (25414359) - PROCESSO SEI 23528.005247/2022-92";"";"Pregão - Registro de Preço";"Não se aplica";"26000";"Ministério da Educação";"26443";"Empresa Brasileira de Serviços Hospitalares";"155015";"MATERNIDADE ESCOLA JANUARIO CICCO";"24/11/2022";"01/12/2022";"01/12/2022";"25/03/2024";"47283189000130";"MHA ENGENHARIA LTDA";"1130995,9700";"1130995,9700";"000152021";"155015";"MATERNIDADE ESCOLA JANUARIO CICCO";"-99";"Pregão - Registro de Preço"
"382021";"Objeto: AQUISIÇÃO FUTURA, CARGA, TRANSPORTE E DESCARGA,  CONFORME CONDIÇÕES, QUANTIDADES E EXIGÊNCIAS ESTABELECIDAS, ESPECIFICADO NO ITEM 1, DO EDITAL DE PREGÃO Nº 0002/2021, GRADE ARADORA 14 DISCOS DE 26,, - DIÂMETRO DO EIXO 1.5/8, CONTROLE REMOTO, COM RODAS E PNEUS PARA TRANSPORTE, MANCAIS A GRAXA, LARGURA DE TRABALHO 1.300MM A 1.500 MM.";"";"Pregão";"Não se aplica";"53000";"Ministério do Desenvolvimento Regional";"22204";"Departamento Nacional de Obras Contra as Seca";"193008";"DNOCS - CEST/SE ARACAJU - SE";"29/12/2021";"29/12/2022";"29/12/2021";"29/12/2022";"92264472000170";"KOHLER IMPLEMENTOS AGRICOLAS EIRELI";"26531,4300";"26531,4300";"000022021";"193008";"DNOCS - CEST/SE ARACAJU - SE";"5";"Pregão"
"522021";"Objeto: AQUISIÇÃO FUTURA, CARGA, TRANSPORTE E DESCARGA,  CONFORME CONDIÇÕES, QUANTIDADES E EXIGÊNCIAS ESTABELECIDAS, ESPECIFICADO NO ITEM 1, DO EDITAL DE PREGÃO Nº 0002/2021, GRADE ARADORA 14 DISCOS DE 26,, - DIÂMETRO DO EIXO 1.5/8, CONTROLE REMOTO, COM RODAS E PNEUS PARA TRANSPORTE, MANCAIS A GRAXA, LARGURA DE TRABALHO 1.300MM A 1.500 MM.";"";"Pregão";"Não se aplica";"53000";"Ministério do Desenvolvimento Regional";"22204";"Departamento Nacional de Obras Contra as Seca";"193008";"DNOCS - CEST/SE ARACAJU - SE";"30/12/2021";"30/12/2022";"30/12/2021";"30/12/2022";"92264472000170";"KOHLER IMPLEMENTOS AGRICOLAS EIRELI";"106125,7100";"106125,7100";"000022021";"193008";"DNOCS - CEST/SE ARACAJU - SE";"5";"Pregão"
"22019";"Objeto: Serviço de ampliação do espaço acima dogrupo de atendimento ao público com objetivo deutilizar o espaço como paiol de material comum.";"Fundamento Legal: lei 8666 art 24 inciso 1";"Dispensa de Licitação";"A Publicar";"52000";"Ministério da Defesa";"52131";"Comando da Marinha";"781332";"DELEG. DA CAPITANIA DOS PORTOS EM ITACURUCA";"17/06/2019";"05/12/2022";"17/06/2019";"29/07/2019";"28030829000156";"OESTE TEC SERVICOS LTDA";"10200,0000";"10200,0000";"000192019";"781332";"DELEG. DA CAPITANIA DOS PORTOS EM ITACURUCA";"6";"Dispensa de Licitação"
"202021";"Objeto: LABORATÓRIO CLÍNICO";"";"Inexigibilidade de Licitação";"Não se aplica";"52000";"Ministério da Defesa";"52121";"Comando do Exército";"160411";"7 BATALHAO DE INFANTARIA BLINDADO";"06/12/2021";"07/12/2022";"06/12/2021";"06/12/2022";"92517168000197";"LABORATORIO FLACH PESQUISAS E ANALISES CLINICAS LTDA";"100000,0000";"100000,0000";"000102021";"160411";"7 BATALHAO DE INFANTARIA BLINDADO";"7";"Inexigibilidade de Licitação"
"292022";"Objeto: AQUISIÇÃO DE FERRAMENTAL PARA MANUTENÇÃO E EQUIPAMENTOS ESPECIALIZADOS PARA MANUTENÇÃO DE VIATURAS VBTP GUARANI";"";"Pregão - Registro de Preço";"Não se aplica";"52000";"Ministério da Defesa";"52121";"Comando do Exército";"160524";"15 BATALHAO LOGISTICO";"18/11/2022";"05/12/2022";"25/11/2022";"25/11/2023";"08175349000176";"B.LOTTI MOVIMENTACAO DE CARGAS LTDA";"15925,8400";"15925,8400";"000102022";"160524";"15 BATALHAO LOGISTICO";"-99";"Pregão - Registro de Preço"
"152021";"Objeto: SERVIÇO";"";"Inexigibilidade de Licitação";"Não se aplica";"52000";"Ministério da Defesa";"52121";"Comando do Exército";"160127";"4 GRUPO DE ARTILHARIA ANTIAEREA";"17/12/2021";"23/12/2022";"01/01/2022";"31/12/2022";"07611512000133";"ORTOPEDIA E TRAUMATOLOGIA SANTA FILOMENA LTDA.";"15000,0000";"15000,0000";"000112021";"160127";"4 GRUPO DE ARTILHARIA ANTIAEREA";"7";"Inexigibilidade de Licitação"
"192021";"Objeto: PRESTAÇÃO DE SERVIÇOS DE ASSISTÊNCIA MÉDICO-HOSPITALAR AMBULATORIAL; ATENDIMENTO DE EMERGÊNCIA/ URGÊNCIA EM REGIME DE 24 (VINTE E QUATRO) HORAS DIÁRIAS; ATENÇÃO DOMICILIAR; REMOÇÃO ENTRE HOSPITAIS; LABORATÓRIO; ODONTOLOGIA; REABILITAÇÃO; FONOAUDIOLOGIA, FISIOTERAPIA, NUTRIÇÃO, PSICOLOGIA E TERAPIA OCUPACIONAL";"";"Inexigibilidade de Licitação";"Não se aplica";"52000";"Ministério da Defesa";"52131";"Comando da Marinha";"781312";"CAPITANIA FLUVIAL DE MINAS GERAIS";"29/11/2021";"02/12/2022";"29/11/2021";"01/10/2023";"07444076000155";"CLINICA DE ODONTOLOGIA ARTE E RISO LTDA.";"100000,0000";"100000,0000";"000012021";"781312";"CAPITANIA FLUVIAL DE MINAS GERAIS";"7";"Inexigibilidade de Licitação"
"202022";"Objeto: O OBJETO DO PRESENTE INSTRUMENTO É A CONTRATAÇÃO DE EMPRESA ESPECIALIZADA PARA A PRESTAÇÃO DE SERVIÇOS CONTINUADOS DE APOIO ADMINISTRATIVO E SECRETARIADO PARA ATENDER ÀS NECESSIDADES DA SEDE DA EMPRESA BRASILEIRA DE SERVIÇOS HOSPITALARES - EBSERH, EM BRASÍLIA-DF.";"";"Pregão";"Não se aplica";"26000";"Ministério da Educação";"26443";"Empresa Brasileira de Serviços Hospitalares";"155007";"EMPRESA BRASILEIRA DE SERVICOS HOSPITALARES";"28/11/2022";"01/12/2022";"10/12/2022";"09/12/2027";"18133143000137";"ATENAS TERCEIRIZACAO E OBRAS LTDA";"20932172,9700";"20932172,9700";"000182022";"155007";"EMPRESA BRASILEIRA DE SERVICOS HOSPITALARES";"5";"Pregão"
"1082022";"Objeto: CONTRATAÇÃO DE SERVIÇOS CONTINUADOS DE AUXILIAR ADMINISTRATIVO E RECEPCIONISTA.";"";"Pregão - Registro de Preço";"Não se aplica";"40000";"Ministério do Trabalho";"37202";"Instituto Nacional do Seguro Social";"510178";"SUPERINTENDENCIA REGIONAL SUDESTE I";"20/10/2022";"21/12/2022";"20/12/2022";"20/12/2023";"78533312000158";"PLANSUL PLANEJAMENTO E CONSULTORIA LTDA";"1427640,9600";"1427640,9600";"000302022";"510178";"SUPERINTENDENCIA REGIONAL SUDESTE I";"-99";"Pregão - Registro de Preço"
"662022";"Objeto: CONTRATAÇÃO DE EMPRESA ESPECIALIZADA PARA A PRESTAÇÃO DOS SERVIÇOS DE COLETA E DESTINAÇÃO FINAL, SOB DEMANDA, DE RESÍDUOS SÓLIDOS ESPECIAIS (RSE) DE CLASSE I (PERIGOSOS), PARA ATENDER ÀS NECESSIDADES DA EMPRESA BRASIL DE COMUNICAÇÃO S/A - EBC NA REGIONAL DO RIO DE JANEIRO/RJ. VINCULADO AO PROCESSO Nº1092/2021.";"";"Pregão";"Não se aplica";"41000";"Ministério das Comunicações";"20415";"Empresa Brasil de Comunicação";"115406";"EMPRESA BRASIL DE COMUNICACAO S.A";"12/09/2022";"14/12/2022";"12/09/2022";"12/09/2027";"11937243000177";"SIMPLICIUS COLETA E REMOCAO DE RESIDUOS LTDA";"266765,8000";"266765,8000";"000192022";"115406";"EMPRESA BRASIL DE COMUNICACAO S.A";"5";"Pregão"
"202200014";"Objeto: EMPENHO QUE SE EFETUA PARA AQUISIÇÃO DE GÊNERO ALIMENTÍCIO (CARNE, PEIXE E FRANGO) PARA ATENDER DEMANDAS DA CASA DE SAÚDE INDÍGENA - CASAI/CE. - REGÃO Nº 09/2022 - ARP Nº 14/2022.";"";"Pregão - Registro de Preço";"Não se aplica";"36000";"Ministério da Saúde";"36000";"Ministério da Saúde - Unidades com vínculo di";"257033";"DISTRITO SANIT.ESP.INDIGENA - CEARA";"14/11/2022";"01/12/2022";"14/05/2023";"10/11/2023";"29725927000170";"BMP DE SOUSA COMERCIAL EIRELI";"14039,6400";"14039,6400";"000092022";"257033";"DISTRITO SANIT.ESP.INDIGENA - CEARA";"-99";"Pregão - Registro de Preço"
"42021";"Objeto: O OBJETO DO PRESENTE INSTRUMENTO É A CONTRATAÇÃO DA BASE DE DADOS DA FERRAMENTA EBSCO";"";"Inexigibilidade de Licitação";"Não se aplica";"52000";"Ministério da Defesa";"52000";"Ministério da Defesa - Unidades com vínculo d";"110402";"ESCOLA SUPERIOR DE GUERRA";"29/10/2021";"23/12/2022";"04/11/2021";"03/11/2023";"42356782000146";"EBSCO BRASIL LTDA";"49000,0000";"49000,0000";"000012021";"110402";"ESCOLA SUPERIOR DE GUERRA";"7";"Inexigibilidade de Licitação"
"242021";"Objeto: O PRESENTE CONTRATO TEM POR OBJETO A AQUISIÇÃO FUTURA, CARGA, TRANSPORTE E DESCARGA,  CONFORME CONDIÇÕES, QUANTIDADES E EXIGÊNCIAS ESTABELECIDAS, ESPECIFICADO NO ITEM 1, DO EDITAL DE PREGÃO Nº 0002/2021.";"";"Pregão";"Não se aplica";"53000";"Ministério do Desenvolvimento Regional";"22204";"Departamento Nacional de Obras Contra as Seca";"193008";"DNOCS - CEST/SE ARACAJU - SE";"07/12/2021";"07/12/2022";"07/12/2021";"07/12/2022";"92264472000170";"KOHLER IMPLEMENTOS AGRICOLAS EIRELI";"371440,0000";"371440,0000";"000022021";"193008";"DNOCS - CEST/SE ARACAJU - SE";"5";"Pregão"
"302022";"Objeto: CONTRATAÇÃO DE SERVIÇOS DE FORNECIMENTO DE REFEIÇÕES/LANCHES MEDIANTE CONCESSÃO ADMINISTRATIVA DE USO DE BEM PÚBLICO, QUE SERÃO PRESTADOS NAS CONDIÇÕES ESTABELECIDAS NO TERMO DE REFERÊNCIA, ANEXO DO EDITAL.";"";"Pregão";"Não se aplica";"26000";"Ministério da Educação";"26424";"Instituto Federal do Tocantins";"158131";"INST.FED.DE EDUC.,CIENC.E TEC.DO TOCANTINS";"11/10/2022";"08/12/2022";"11/10/2022";"11/10/2023";"39808849000121";"EMILDA PEREIRA DE SOUZA 58561080604";"2487,7200";"2487,7200";"000352022";"158131";"INST.FED.DE EDUC.,CIENC.E TEC.DO TOCANTINS";"5";"Pregão"
"712022";"Objeto: SUBLOCAÇÃO DE BENS MÓVEIS  E A SUBLOCAÇÃO DE DOIS IMÓVEIS ADJACENTES ENTRE SI LOCALIZADOS NO ENDEREÇO RUA PRUDENTE DE MORAIS, N°S 591 E 601, CENTRO, NO MUNICÍPIO DE GOVERNADOR VALADARES/MG, COM SERVIÇOS EMBUTIDOS (FACILITIES) PROPORCIONAL AO USO DO IMÓVEL, SENDO ESTES IMÓVEIS OBJETOS DAS MATRÍCULAS N° 27.098 E Nº 36.665, DO CARTÓRIO DO SEGUNDO OFÍCIO DE REGISTRO DE IMÓVEIS DA COMARCA DE GOVERNADOR VALADARES/MG, PARA ABRIGAR ATIVIDADES DE ENSINO DA SUBLOCATÁRIA, ASSIM COMO AS INSTALAÇÕES E FUNCIONAMENTO DE C";"";"Dispensa de Licitação";"Não se aplica";"26000";"Ministério da Educação";"26237";"Universidade Federal de Juiz de Fora";"153061";"UNIVERSIDADE FEDERAL DE JUIZ DE FORA";"28/11/2022";"29/12/2022";"01/12/2022";"01/12/2023";"08919520000104";"ATOS TREINAMENTO EM ODONTOLOGIA E SERVICOS LTDA";"425124,4800";"425124,4800";"000332022";"153061";"UNIVERSIDADE FEDERAL DE JUIZ DE FORA";"6";"Dispensa de Licitação"
"392021";"Objeto: AQUISIÇÃO FUTURA, CARGA, TRANSPORTE E DESCARGA,  CONFORME CONDIÇÕES, QUANTIDADES E EXIGÊNCIAS ESTABELECIDAS, ESPECIFICADO NO ITEM 3, DO EDITAL DE PREGÃO Nº 0002/2021,  TRATOR AGRÍCOLA 75 CV POTÊNCIA MÍNIMA DO MOTOR DE 75 CV, MÍNIMO 3 CILINDROS, CAPACIDADE MÍNIMA DO TANQUE DE COMBUSTÍVEL DE 60 LITROS, TRAÇÃO 4X4, PNEUS DIANTEIRO NOVOS MÍNIMO 12.4X24 E TRASEIROS NOVOS MÍNIMO 18.4X30, COM CONTRAPESOS FRONTAIS, SISTEMA DE LEVANTE HIDRÁULICO COM TERCEIRO PONTO E CONTROLE REMOTO DE IMPLEMENTOS CAT. II, TOMADA DE";"";"Pregão";"Não se aplica";"53000";"Ministério do Desenvolvimento Regional";"22204";"Departamento Nacional de Obras Contra as Seca";"193008";"DNOCS - CEST/SE ARACAJU - SE";"30/12/2021";"30/12/2022";"30/12/2021";"30/12/2022";"08263434000196";"YANMAR SOUTH AMERICA INDUSTRIA DE MAQUINAS LTDA";"180000,0000";"180000,0000";"000022021";"193008";"DNOCS - CEST/SE ARACAJU - SE";"5";"Pregão"
